"an","aff_str","ror_ids","match_status","Unnamed: 4","ror_names"
"7192470","CNRS, Univ. Lille, UMR 8524 - Laboratoire Paul Painlevé, F-59000Lille, France","052ahj806;02kzqn938","FP_partial","","Centre de Génétique Moléculaire;Université de Lille"
"7192472","Department of Mathematics, University of Macau, Avenida da Universidade, Taipa, Macau, China","01r4q9n85","TP","","University of Macau"
"7192472","Department of Mathematics and Statistics, Lancaster University, Lancaster, LA14YF, United Kingdom","04f2nsd36","TP","","Lancaster University"
"7192474","Department of Earth and Ocean Sciences University of British Columbia","03rmrcq20","TP","","University of British Columbia"
"7192474","Courant Institute of Mathematical Sciences, Center for Data Science New York University","0190ak572","TP","","New York University"
"7192474","Technische Universität Berlin","03v4gjf40","TP","","Technische Universität Berlin"
"7192474","Institute of Computer Graphics and Vision Graz University of Technology","00d7xrm67","TP","","Graz University of Technology"
"7192474","Department of Biomedical Engineering, Mathematical Institute for Data Science The Johns Hopkins University","00za53h95","TP","","Johns Hopkins University"
"7192475","Department of Electrical Engineering Technion, Israel Institute of Technology","0429kgt51","FP_wrong","","Geophysical Institute of Israel"
"7192475","Mathematical Institute for Data Science Johns Hopkins University","00za53h95","TP","","Johns Hopkins University"
"7192475","Department of Mathematics and Computer Science Weizmann Institute of Science","0316ej306","TP","","Weizmann Institute of Science"
"7192475","Department of Electrical Engineering Colorado School of Mines","","FN","",""
"7192476","LTCI, Télécom Paris Institut Polytechnique de Paris","01naq7912","TP","","Télécom Paris"
"7192476","LTCI, Télécom Paris Institut Polytechnique de Paris","042tfbd02","TP","","Institut Polytechnique de Paris"
"7192476","CNRS MAP5 Université Paris Descartes","00675rp98;0220k9r37","FP_partial","","Centre National pour la Recherche Scientifique et Technique (CNRST);Université Paris Descartes"
"7192477","Computer Science Technion—Israel Institute of Technology","03qryx823","TP","","Technion – Israel Institute of Technology"
"7192477","Department of Statistics Stanford University","00f54p054","TP","","Stanford University"
"7192477","Electrical Engineering Technion—Israel Institute of Technology","03qryx823","TP","","Technion – Israel Institute of Technology"
"7192477","Biomedical Engineering Johns Hopkins University","00za53h95","TP","","Johns Hopkins University"
"7192478","Department of Mathematical Sciences Carnegie Mellon University","05x2bcf33","TP","","Carnegie Mellon University"
"7192479","Department of Earth and Ocean Science The University of British Columbia","03rmrcq20","TP","","University of British Columbia"
"7192479","Xtract Technologies Inc.","","TN","",""
"7192479","Department of Mathematics Emory University","03czfpz43","TP","","Emory University"
"7192480","IMT Atlantique Lab-STICC, UMR CNRS 6285","","FN","",""
"7192480","IMT Atlantique LaTIM, UMR INSERM 1101","030hj3061","TP","","IMT Atlantique"
"7192481","Department of Mathematics University of Vienna","03prydq77","TP","","University of Vienna"
"7192481","Department of Ophthalmology Medical University of Vienna","03prydq77","TP","","University of Vienna"
"7192481","Department of Telecommunications Brno University of Technology","03613d656","TP","","Brno University of Technology"
"7192482","Department of Mathematics University of Vienna","03prydq77","TP","","University of Vienna"
"7192482","Department of Ophthalmology Medical University of Vienna","03prydq77","TP","","University of Vienna"
"7192482","Department of Telecommunications Brno University of Technology","03613d656","TP","","Brno University of Technology"
"7192483","Institute of Computer Graphics and Vision Graz University of Technology","00d7xrm67","TP","","Graz University of Technology"
"7192483","Institute of Mathematics and Scientific Computing University of Graz","01faaaf77","TP","","University of Graz"
"7192484","Institute of Computer Graphics and Vision Graz University of Technology","00d7xrm67","TP","","Graz University of Technology"
"7192484","Institute of Mathematics and Scientific Computing University of Graz","01faaaf77","TP","","University of Graz"
"7192484","Centre de Mathématiques Appliquées École Polytechnique","","FN","",""
"7192485","Department of Mathematics University of Innsbruck","054pv6659","TP","","Universität Innsbruck"
"7192486","Center for Industrial Mathematics (ZeTeM) University of Bremen","04ers2y35","TP","","University of Bremen"
"7192487","Research Unit of Mathematical Sciences University of Oulu","03yj89h83","TP","","University of Oulu"
"7192487","Department of Computer Science University College London","02jx3x895","TP","","University College London"
"7192488","Department of Mathematics University of British Columbia","03rmrcq20","TP","","University of British Columbia"
"7192488","Department of Applied Mathematics and Theoretical Physics University of Cambridge","013meh722","TP","","University of Cambridge"
"7192488","Department of Chemical and Biological Engineering University of British Columbia","03rmrcq20","TP","","University of British Columbia"
"7192489","Department of Mathematics and Physics University of Tasmania","01nfmeh72","TP","","University of Tasmania"
"7192490","School of Mathematics, Statistics and Computer Sciences University of KwaZulu-Natal","04qzfn040","TP","","University of KwaZulu-Natal"
"7192490","Institute of Systems Science Durban University of Technology","0303y7a51","TP","","Durban University of Technology"
"7192490","Department of Physics, IHSE Siksha O Anusandhan Deemed to be University","","FN","",""
"7192490","Department of Mathematics Amity University","02exxtn84","FP_wrong","","Amity University"
"7192491","Department of Mathematics and Computing Indian Institute of Technology (Indian School of Mines)","013v3cc28","TP","","Indian Institute of Technology Dhanbad"
"7192492","Department of Mathematics and Statistics University of Strathclyde","03p15s250","FP_wrong","","National Center for Health Statistics"
"7192493","Department of Mathematics SRM University-AP","037skf023","FP_wrong","","SRM University"
"7192493","Department of Mathematics Indian Institute of Technology Ropar","02qkhhn56","TP","","Indian Institute of Technology Ropar"
"7192494","Department of Materials Science and Engineering KTH Royal Institute of Technology","026vcq606","TP","","KTH Royal Institute of Technology"
"7192494","Department of Mathematics and Statistics University of Limerick","02x4af624","FP_wrong","","Central Statistics Office"
"7192495","University of Tunis El Manar Département de Mathématiques, Faculté des Sciences de Tunis","0105bda30","FP_wrong","","Virtual University of Tunis"
"7192496","Department of Mathematics, Tokyo University of Science","05sj3n476","TP","","Tokyo University of Science"
"7192496","Department of Mathematics, IME-USP, Rua do Matão 1010, Cidade Universitária","03j85fc72","FP_wrong","","Fraunhofer Institute for Molecular Biology and Applied Ecology"
"7192497","Department of Mathematics, Thai Nguyen University of Education","044deqz63","TP","","Thai Nguyen University Of Education"
"7192497","Thang Long Institute of Mathematics and Applied Sciences, Thang Long University","00dd6af44","TP","","Thang Long University"
"7192498","Department of Mathematics and the Maxwell Institute for Mathematical Sciences, Heriot-Watt University","04mghma93","TP","","Heriot-Watt University"
"7192499","College of Mathematical Sciences, Harbin Engineering University","03x80pn82","TP","","Harbin Engineering University"
"7192499","College of Mathematics and Computer Science, Northwest Minzu University","04cyy9943","TP","","Northwest Minzu University"
"7192499","College of Power and Energy Engineering, Harbin Engineering University","03x80pn82","TP","","Harbin Engineering University"
"7192500","Departamento de Matemáticas y Mecánica, IIMAS - UNAM","03ppy8d91","FP_wrong","","International Institute for Mesopotamian Area Studies"
"7192500","Università Ca’ Foscari, Dipartimento di Scienze Molecolari e Nanosistemi","04yzxz566","TP","","Ca' Foscari University of Venice"
"7192501","School of Mathematics and Statistics, Central South University","00f1zfq44","TP","","Central South University"
"7192502","Department of Mathematics, College of Information Science and Technology, Jinan University","04bgbsx11","TP","","Jinan University"
"7192502","School of Mathematics, Tianjin University","012tb2g32","TP","","Tianjin University"
"7192503","Department of Mathematical Sciences, Ulsan National Institute of Science and Technology","017cjz748","TP","","Ulsan National Institute of Science and Technology"
"7192504","College of Automation, Harbin Engineering University","03x80pn82","TP","","Harbin Engineering University"
"7192504","College of Mathematical Sciences, Harbin Engineering University","03x80pn82","TP","","Harbin Engineering University"
"7192505","Fakultät für Mathematik, Universität Bielefeld","02hpadn98","TP","","Bielefeld University"
"7192506","Tata Institute of Fundamental Research(TIFR) Centre for Applicable Mathematics","03ht1xw27","TP","","Tata Institute of Fundamental Research"
"7192506","Department of Mathematics, Indian Institute of Technology Delhi","049tgcd06","TP","","Indian Institute of Technology Delhi"
"7192506","LMAP (UMR E2S-UPPA CNRS 5142) Bat. IPRA","","FN","",""
"7192507","School of Mathematical Sciences, Qufu Normal University","03ceheh96","TP","","Qufu Normal University"
"7192507","School of Mathematics and Statistics, Shandong University of Technology","02mr3ar13","TP","","Shandong University of Technology"
"7192507","Department of Applied Mathematics, National University of Kaohsiung","013zjb662","TP","","National University of Kaohsiung"
"7192508","College of Mathematics and Computing Science, Hunan University of Science and Technology","02m9vrb24","TP","","Hunan University of Science and Technology"
"7192508","College of Mathematics, Hunan University","05htk5m33","TP","","Hunan University"
"7192509","School of Mathematics and Systems Science, Beihang University","00wk2mp56","TP","","Beihang University"
"7192510","Department of Mathematics","","TN","",""
"7192510","Department of Mathematical Analysis and Applications of Mathematics, Faculty of Science, Palacký University","04qxnmv42","TP","","Palacký University Olomouc"
"7192511","Department of Mathematics, Harbin University of Science and Technology","04e6y1282","TP","","Harbin University of Science and Technology"
"7192511","College of Mathematics and Systems Science, Shandong University of Science and Technology","04gtjhw98","TP","","Shandong University of Science and Technology"
"7192512","School of Science and Technology, Cape Breton University","052y05165","TP","","Cape Breton University"
"7192512","College of Mathematical Sciences, Harbin Engineering University","03x80pn82","TP","","Harbin Engineering University"
"7192513","School of Mathematics, Harbin Institute of Technology","01yqg2h08","TP","","Harbin Institute of Technology"
"7192514","Section de Mathématiques, EPFL","02s376052","TP","","École Polytechnique Fédérale de Lausanne"
"7192514","Department of Mathematics and Statistics, IISER Kolkata","00djv2c17","TP","","Indian Institute of Science Education and Research Kolkata"
"7192515","Department of Mathematics, Jiangxi Normal University","05nkgk822","TP","","Jiangxi Normal University"
"7192515","Center for PDEs, School of Mathematical Sciences, East China Normal University","","FN","",""
"7192516","Laboratoire de Mathématiques et leurs Applications","","FN","",""
"7192516","Università di Pisa, Dipartimento di Matematica","03ad39j10","TP","","University of Pisa"
"7192516","IRMAR, UMR CNRS 6625, University of Rennes 1 and FLUMINANCE Team","015m7wh34;00kf1a996","FP_partial","","Université de Rennes;Casa Fluminense"
"7192517","College of Mathematics and Systems Sciences, Shandong University of Science and Technology","04gtjhw98","TP","","Shandong University of Science and Technology"
"7192517","School of Mathematics and Information Science, North Minzu University","05xjevr11","TP","","North Minzu University"
"7192517","Department of Mathematics, Northwest Normal University","00gx3j908","TP","","Northwest Normal University"
"7192518","University of Tunis El Manar, Department of Mathematics, Faculty of Sciences of Tunis","0105bda30","FP_wrong","","Virtual University of Tunis"
"7192519","Departamento de Matemática, Universidade Federal da Paraíba","00p9vpz11","TP","","Universidade Federal da Paraíba"
"7192519","Departamento de Matemática, Universidade Federal Rural de Pernambuco","02ksmb993","TP","","Universidade Federal Rural de Pernambuco"
"7192520","Nonlinear Analysis and Applied Mathematics (NAAM) Research Group, Department of Mathematics, Faculty of Science, King Abdulaziz University","02ma4wv74","TP","","King Abdulaziz University"
"7192520","School of Mathematics and Computer Science, Shanxi Normal University","03zd3ta61","TP","","Shanxi Normal University"
"7192521","Department of Mathematics, University of Texas Rio Grande Valley","02p5xjf12","TP","","The University of Texas Rio Grande Valley"
"7192521","School of Mathematics and System Sciences, Beihang University","00wk2mp56","TP","","Beihang University"
"7192522","School of Mathematics and Statistics, Zhengzhou University","04ypx8c21","TP","","Zhengzhou University"
"7192522","College of Science, Zhongyuan University of Technology","0360zcg91","TP","","Zhongyuan University of Technology"
"7192523","Université de Poitiers, Laboratoire de Mathématiques et Applications, UMR CNRS 7348 - SP2MI","04xhy8q59","TP","","Université de Poitiers"
"7192523","Lebanese International University, School of Arts and Sciences","034agrd14","TP","","Lebanese International University"
"7192523","Fudan University (Fudan Fellow)","01zntxs11","FP_wrong","","Shanghai Medical College of Fudan University"
"7192523","Xiamen University, School of Mathematical Sciences","00mcjh785","TP","","Xiamen University"
"7192524","Department of Mechanics, Mathematics and Management, Polytechnic University of Bari","03c44v465","TP","","Polytechnic University of Bari"
"7192524","Laboratoire de Mathématiques CNRS UMR6623, Université de Bourgogne Franche-Comté","00vja3713","TP","","Université de Technologie et de Sciences Appliquées Libano-Française"
"7192525","Anhui University of Finance and Economics","0152zzg30","TP","","Anhui University of Finance and Economics"
"7192525","Universität Mannheim, 68131","031bsb921","TP","","University of Mannheim"
"7192526","Department of Mathematics, University of Torino","048tbm396","TP","","University of Turin"
"7192526","Department of Mathematics, Computer Science and Physics, University of Udine","05ht0mh31","TP","","University of Udine"
"7192527","Numerical Analysis and Large Networks Research Group, Hungarian Academy of Sciences","02ks8qq67","TP","","Hungarian Academy of Sciences"
"7192527","Institute of Mathematics, Eötvös Loránd University Budapest","01jsq2704","TP","","Eötvös Loránd University"
"7192528","School of Mathematics and Statistics, Northwestern Polytechnical University","01y0j0j86","TP","","Northwestern Polytechnical University"
"7192528","Department of Mathematics, Pisa University","03ad39j10","TP","","University of Pisa"
"7192529","College of Mathematical Sciences, Harbin Engineering University","03x80pn82","TP","","Harbin Engineering University"
"7192529","College of Automation, Harbin Engineering University","03x80pn82","TP","","Harbin Engineering University"
"7192530","College of Applied Mathematics, Chengdu University of Information Technology","01yxwrh59","TP","","Chengdu University of Information Technology"
"7192530","Department of Mathematics, Ryerson University","05g13zd79","TP","","Toronto Metropolitan University"
"7192531","Department of Mathematics and NTIS, Faculty of Applied Sciences, University of West Bohemia","040t43x18","TP","","University of West Bohemia"
"7192532","Departamento de Geometría y Topología, Universidad de Granada","04njjy449","TP","","Universidad de Granada"
"7192533","Università del Piemonte Orientale, Dipartimento di Scienze e Innovazione Tecnologica","04eg5s337","FP_wrong","","Mediterranean Universities Union"
"7192533","Università degli Studi di Milano - Bicocca, Dipartimento di Matematica e Applicazioni","01ynf4891","TP","","University of Milano-Bicocca"
"7192534","School of Statistics and Mathematics, Zhongnan University of Economics and Law","04yqxxq63","TP","","Zhongnan University of Economics and Law"
"7192535","Department of Mathematics, Xiangnan University","05by9mg64","TP","","Xiangnan University"
"7192536","School of Mathematical Sciences,University of Electronic Science and Technology of China","04qr3zq92","TP","","University of Electronic Science and Technology of China"
"7192537","School of Mathematics and Statistics, Northwestern Polytechnical University","01y0j0j86","TP","","Northwestern Polytechnical University"
"7192539","Department of Statistics, Bu-Ali Sina University, Hamedan, Iran","04ka8rx28","TP","","Bu-Ali Sina University"
"7192539","Department of Statistics, Allameh Tabataba’i University, Tehran, Iran","02cc4gc68","TP","","Allameh Tabataba'i University"
"7192540","Department of Medical Informatics, Biometry and Epidemiology, Ludwig-Maximilians-Universität of Munich, Germany","05591te55","TP","","Ludwig-Maximilians-Universität München"
"7192540","Department of Mathematics, University of Oslo, Oslo, Norway","01xtthb56","TP","","University of Oslo"
"7192540","Faculty of Medicine and Medical Center, Institute for Medical Biometry and Statistics, University of Freiburg, Freiburg, Germany","0245cg223","TP","","University of Freiburg"
"7192541","Shanghai Key Laboratory of Power Station Automation Technology, Department of Automation, College of Mechatronics Engineering and Automation, Shanghai University, Shanghai, People's Republic of China","006teas31","TP","","Shanghai University"
"7192542","Department of Statistics, Marvdasht Branch, Islamic Azad University, Marvdasht, Iran","02558wk32","FP_wrong","","Islamic Azad University, Arak"
"7192542","Department of Statistics, Qaemshahr Branch, Islamic Azad University, Qaemshahr, Iran","02558wk32","FP_wrong","","Islamic Azad University, Arak"
"7192543","School of Mathematics and Statistics, Jiangsu Normal University, Xuzhou, People's Republic of China","051hvcm98","TP","","Jiangsu Normal University"
"7192543","Institute of Statistics and LPMC, Nankai University, Tianjin, People's Republic of China","01y1kjr75","TP","","Nankai University"
"7192543","School of Mathematical Sciences, Nankai University, Tianjin, People's Republic of China","01y1kjr75","TP","","Nankai University"
"7192543","School of Mathematical Sciences, Huaiyin Normal University, Huaian, People's Republic of China","03xvggv44","TP","","Huaiyin Normal University"
"7192544","Statistics Department, Universidad Carlos III de Madrid, Madrid, Spain","03ths8210","TP","","Universidad Carlos III de Madrid"
"7192544","Department of Statistics, Yazd University, Yazd, Iran","02x99ac45","TP","","Yazd University"
"7192545","Department of Integrative Medicine, Beth Israel Medical Center, NY, USA","00bwhj131","TP","","Newark Beth Israel Medical Center"
"7192545","Department of Mathematical Sciences, SUNY, Binghamton, NY, USA","00qv0tw17","FP_wrong","","SUNY College of Environmental Science and Forestry"
"7192546","Departamento de Estatítica, IME, Universidade de Sao Paulo, Sao Paulo, Brazil","036rp1748","TP","","Universidade de São Paulo"
"7192546","Departamento de Matemáticas, Facultad de Ciencias Básicas, Universidad de Antofagasta, Antofagasta, Chile","04eyc6d95","TP","","Universidad de Antofagasta"
"7192546","Departamento de Matemática, Facultad de Ingeniería, Universidad de Atacama, Copiapó, Chile","022yres73","TP","","University of Atacama"
"7192546","Departamento de Ciencias Matemáticas y Físicas, Facultad de Ingeniería, Universidad Católica de Temuco, Temuco, Chile","051nvp675 ","TP","","Universidad Católica de Temuco"
"7192547","Faculty of Education, Science, Technology and Mathematics, University of Canberra, Canberra, Australia","04s1nv328","TP","","University of Canberra"
"7192547","Department of Statistics, Universidade Federal de Pernambuco, Recife, Brazil","047908t24","TP","","Universidade Federal de Pernambuco"
"7192547","Faculty of Administration, Accounting and Economics, Universidade Federal de Goiás, Goiania, Brazil","0039d5757","TP","","Universidade Federal de Goiás"
"7192547","School of Industrial Engineering, Pontificia Universidad Católica de Valparaíso, Valparaíso, Chile","02cafbr77","TP","","Pontificia Universidad Católica de Valparaíso"
"7192547","Faculty of Basic Sciences, Universidad Católica del Maule, Talca, Chile","04vdpck27","TP","","Catholic University of the Maule"
"7192548","Institute of Mathematical Sciences, University of Malaya, Kuala Lumpur, Malaysia","00rzspn62","TP","","University of Malaya"
"7192549","Division of Clinical Nutrition and Nutrigenomic, Department of Biomedicine and Prevention, University of Rome ‘Tor Vergata’, Rome, Italy","02p77k626","TP","","University of Rome Tor Vergata"
"7192549","Department of Statistics, Federal University of Paraná, Curitiba, Brazil","05syd6y78","TP","","Universidade Federal do Paraná"
"7192549","Department of Exact Sciences, Luiz de Queiroz College of Agriculture, University of São Paulo, Piracicaba, Brazil","036rp1748","TP","","Universidade de São Paulo"
"7192550","Departamento de Estatística, Cidade Universitária, Universidade Federal de Pernambuco, Recife/PE, Brazil","032bg8m67","TP","","Centro Universitário da Cidade"
"7192550","Departamento de Estatística, Cidade Universitária, Universidade Federal de Pernambuco, Recife/PE, Brazil","047908t24","TP","","Universidade Federal de Pernambuco"
"7192550","Universidade Federal de Piauí Curso de Estatística, Campus Ministro Petrõnio Portela, CCN2, Teresina/PI, Brazil","00cs91c30;00x51ts23","FP_wrong","","Universidade Federal de Jataí;Centro Universitário Campos de Andrade"
"7192551","Department of Mathematical Sciences, University of Copenhagen, Copenhagen, Denmark","035b05819","TP","","University of Copenhagen"
"7192551","Department of Mathematics, Arak University, Arak, Iran","00ngrq502","TP","","Arak University"
"7192552","Centre for Actuarial Studies, Department of Economics, University of Melbourne, Melbourne, Australia","01ej9dk98","TP","","The University of Melbourne"
"7192552","Department of Quantitative Methods and TiDES Institute, University of Las Palmas de Gran Canaria, Las Palmas de Gran Canaria, Spain","01teme464","TP","","Universidad de Las Palmas de Gran Canaria"
"7192553","Faculty of Sciences and Mathematics, Department of Mathematics, University of Nis, Nis, Serbia","00965bg92","TP","","University of Nis"
"7192553","Faculty of Science, Department of Mathematics, Tanta University, Tanta, Egypt","016jp5b92","TP","","Tanta University"
"7192554","School of Mathematics, Southeast University, Nanjing, People's Republic of China","00cf0ab87","FP_wrong","","Southeast University"
"7192555","School of Statistics, Qufu Normal University, Qufu, People's Republic of China","03ceheh96","TP","","Qufu Normal University"
"7192555","College of Science, China University of Petroleum (East China), Qingdao, People's Republic of China","05gbn2817","TP","","China University of Petroleum, East China"
"7192556","Department of Statistics and Management, Shanghai University of Finance and Economics, Shanghai, People's Republic of China","00wtvfq62","TP","","Shanghai University of Finance and Economics"
"7192556","Department of Public Economics and Administration, Shanghai University of Finance and Economics, Shanghai, People's Republic of China","00wtvfq62","TP","","Shanghai University of Finance and Economics"
"7192557","School of Mathematics and Computer Science, Wuhan Polytechnic University, Wuhan, People’s Republic of China","05w0e5j23","TP","","Wuhan Polytechnic University"
"7192558","School of Economics, Huazhong University of Science & Technology, Wuhan, People's Republic of China","00p991c53","TP","","Huazhong University of Science and Technology"
"7192558","Department of Finance, Bocconi University, Milan, Italy","05crjpb27","TP","","Bocconi University"
"7192558","Department of Economic Statistics, Nanjing University of Posts & Telecommunications, Nanjing, People's Republic of China","043bpky34","TP","","Nanjing University of Posts and Telecommunications"
"7192559","University of Maryland, Baltimore County, Baltimore, MD, USA","047s2c258","FP_wrong","","University of Maryland, College Park"
"7192560","Department of Mathematic, Federal University of Technology - Paraná, Paraná, Brazil","002v2kq79","TP","","Universidade Tecnológica Federal do Paraná"
"7192560","Department of Exact Sciences, University of São Paulo, São Paulo, SP, Brazil","036rp1748","TP","","Universidade de São Paulo"
"7192560","Department of Statistics, Mathematics and Insurance, Benha University, Benha, Egypt","03tn5ee41","TP","","Benha University"
"7192560","Department of Statistics, Federal University of Pernambuco, Recife, PE, Brazil","047908t24","TP","","Universidade Federal de Pernambuco"
"7192561","Department of Statistics, National Cheng Kung University, Tainan, Taiwan","01b8kcc49","TP","","National Cheng Kung University"
"7192562","Department of Mathematics and Statistics, Villanova University, Villanova, PA, USA","02g7kd627","TP","","Villanova University"
"7192563","Department of Applied and Computational Mathematics and Statistics, University of Notre Dame, Notre Dame, IN, USA","00mkhxb43","TP","","University of Notre Dame"
"7192564","School of Science, Tianjin University of Technology and Education, People's Republic of China","035gwtk09","TP","","Tianjin University of Technology and Education"
"7192564","Institute of Statistics and LPMC, Nankai University, Tianjin, People's Republic of China","01y1kjr75","TP","","Nankai University"
"7192565","Interdisciplinary Statistical Research Unit (ISRU), Indian Statistical Institute, Kolkata700 108, West Bengal, India","00q2w1j53","TP","","Indian Statistical Institute"
"7192566","Institute for Clinical Evaluative Sciences, Toronto, ON, Canada","","FN","",""
"7192566","Schulich Heart Research Program, Sunnybrook Research Institute, Toronto, ON, Canada","05n0tzs53","TP","","Sunnybrook Research Institute"
"7192566","Institute of Health Management, Policy and Evaluation, University of Toronto, Toronto, ON, Canada","03dbr7087","TP","","University of Toronto"
"7192567","Department of Statistics, Marmara University, Istanbul, Turkey","02kswqa67","TP","","Marmara University"
"7192568","Department of Biostatistics, UTHealth, Houston, TX, USA","05cwbxa29","TP","","The University of Texas Health Science Center"
"7192568","Department of Epidemiology, UTHealth, Austin, TX, USA","05cwbxa29","TP","","The University of Texas Health Science Center"
"7192569","School of Basic Science, Changchun University of Technology, Changchun, Jilin, People's Republic of China","052pakb34","TP","","Changchun University of Technology"
"7192569","School of Mathematics, Jilin University, Changchun, Jilin, People's Republic of China","00js3aw79","TP","","Jilin University"
"7192570","Department of Statistics, Faculty of Science, Dokuz Eylul University, Izmir, Turkey","00dbd8b73","TP","","Dokuz Eylül University"
"7192570","The Graduate School of Natural and Applied Sciences, Dokuz Eylul University, Izmir, Turkey","00dbd8b73","TP","","Dokuz Eylül University"
"7192571","School of Mathematics and Statistics, Xidian University, Xi'an, People's Republic of China","05s92vm98","TP","","Xidian University"
"7192572","Department of Biomedical Science, Stanford University, Stanford, CA, USA","00f54p054","TP","","Stanford University"
"7192572","School of Economics and Management, Beijing Jiaotong University, Beijing, People's Republic China","01yj56c84","TP","","Beijing Jiaotong University"
"7192573","Department of Mathematics and Statistics, University of Maryland, Baltimore, MD, USA","047s2c258","TP","","University of Maryland, College Park"
"7192573","Center for Statistical Research & Methodology, U.S. Census Bureau, Washington, DC, USA","00h6vxx49","TP","","U.S. Green Building Council"
"7192574","Department of Mathematics and Statistics, King Fahd University of Petroleum and Minerals, Dhahran, Saudi Arabia","03yez3163","TP","","King Fahd University of Petroleum and Minerals"
"7192574","Department of Mathematics, University of Hafr Al Batin, Hafrl Al Batin, Saudi Arabia","021jt1927","TP","","University of Hafr Al-Batin"
"7192574","National College of Business Administration and Economics, Lahore, Pakistan","02my4wj17","TP","","National College of Business Administration and Economics"
"7192575","Department of Epidemiology and Biostatistics, University of South Carolina, Columbia, SC, USA","02b6qw903","TP","","University of South Carolina"
"7192575","Department of Biostatistics, School of Public Health and Key Laboratory of Public Health Safety, Fudan University, Shanghai, People's Republic of China","013q1eq08","TP","","Fudan University"
"7192575","School of Data Science, Fudan University, Shanghai, People's Republic of China","013q1eq08","TP","","Fudan University"
"7192576","Colegio de Postgraduados, Texcoco, México","00qfnf017","TP","","Colegio de Postgraduados"
"7192577","Department of Mathematics and Statistics, McMaster University, Hamilton, ON, Canada","02fa3aq29","TP","","McMaster University"
"7192577","Department of Mathematical Sciences, University of South Dakota, Vermillion, SD, USA","0043h8f16","TP","","University of South Dakota"
"7192577","Department of Statistics, Tamkang University, New Taipei City, Taiwan","04tft4718","TP","","Tamkang University"
"7192578","Department of Biostatistics, University of Alabama at Birmingham, Birmingham, AL, USA","008s83205","TP","","University of Alabama at Birmingham"
"7192578","Finance, Economics, and Accounting, Jacksonville State University, Jacksonville, AL, USA","014wfj781","TP","","Jacksonville State University"
"7192578","The Kirklin Clinic of UAB Hospital, University of Alabama School of Medicine, Birmingham, AL, USA","03xrrjk67","FP_wrong","","University of Alabama"
"7192579","Department of Statistics, Persian Gulf university, Bushehr, Iran","03n2mgj60","TP","","Persian Gulf University"
"7192579","Department of Statistics, Universidade Federal de Pernumbuco, Pernumbuco, Brazil","047908t24","TP","","Universidade Federal de Pernambuco"
"7192579","Department of Statistics, Malayer University, Malayer, Iran","03rk9sq81","TP","","Malayer University"
"7192579","Department of Statistics, Hacettepe University, Ankara, Turkey","04kwvgz42","TP","","Hacettepe University"
"7192580","Department of Mathematical Sciences, University of Wisconsin-Milwaukee, Milwaukee, WI, USA","031q21x57","TP","","University of Wisconsin–Milwaukee"
"7192580","Department of Mathematics, Robert Morris University, Moon Township, PA, USA","03r24vd05","TP","","Robert Morris University"
"7192581","Departamento de Matemática, Facultad de Ingeniería, Universidad de Atacama, Copiapo, Chile","022yres73","TP","","University of Atacama"
"7192581","Statistics Department, University of California, Riverside, CA, USA","00pjdza24","TP","","University of California System"
"7192582","Department of Mathematics and Statistics, McMaster University, Hamilton, Canada","02fa3aq29","TP","","McMaster University"
"7192582","College of Systems Engineering, National University of Defence Technology, Changsha, People’s Republic of China","05d2yfz11","TP","","National University of Defense Technology"
"7192583","Department of Statistics, Quaid-i-Azam University, Islamabad, Pakistan","04s9hft57","TP","","Quaid-i-Azam University"
"7192583","School of Mathematical Sciences, Universiti Sains Malaysia, Penang, Malaysia","02rgb2k63","TP","","Universiti Sains Malaysia"
"7192584","Institute of Statistics and Big Data, Renmin University of China, Beijing, People's Republic of China","041pakw92","TP","","Renmin University of China"
"7192584","Center for Applied Statistics, School of Statistics, Renmin University of China, Beijing, People's Republic of China","041pakw92","TP","","Renmin University of China"
"7192585","School of Studies in Statistics, Vikram University, Ujjain, India","002k8gm39","TP","","Vikram University"
"7192585","Department of Statistics, University of Jammu, Jammu, India","02retg991","TP","","University of Jammu"
"7192585","Department of Statistics, Bidhan Nagar College, Kolkata, India","04jpmwt24","FP_wrong","","Bidhan Chandra Krishi Viswavidyalaya"
"7192586","Department of Mathematics and Statistics, University of Calgary, Calgary, Canada","03yjb2x39","TP","","University of Calgary"
"7192587","CAEd – Centro de Políticas Públicas e Avaliação da Educação, Universidade Federal de Juiz de Fora, Juiz de Fora, Brazil","04yqw9c44","TP","","Universidade Federal de Juiz de Fora"
"7192587","Universidade Federal de Minas Gerais, Belo Horizonte, Juiz de Fora, Brazil","0176yjw32","TP","","Universidade Federal de Minas Gerais"
"7192588","Department of Statistics, University of California, Irvine, CA, USA","00pjdza24","TP","","University of California System"
"7192588","Department of Computing and Mathematical Sciences, California Institute of Technology, Pasadena, CA, USA","05dxps055","TP","","California Institute of Technology"
"7192589","Department of Statistics, Quaid-i-Azam University, Islamabad, Pakistan","04s9hft57","TP","","Quaid-i-Azam University"
"7192590","Department of Statistics, St. Anthony's College, Shillong, Meghalaya, India","00z58xw11","FP_wrong","","St. John's College, Palayamkottai"
"7192590","Department of Statistics, Universidade Estadual de Maringá, Maringá, Brazil","04bqqa360","TP","","Universidade Estadual de Maringá"
"7192591","Departamento de Estadística, Pontifícia Universidad Católica de Chile, Santiago, Chile","04teye511","TP","","Pontificia Universidad Católica de Chile"
"7192591","Departamento de Estatística, Universidade Federal de Juiz de Fora, Juiz de Fora-MG, Brazil","04yqw9c44","TP","","Universidade Federal de Juiz de Fora"
"7192592","Academy of Mathematics and Systems Science Chinese Academy of Sciences, Beijing, People's Republic of China","034t30j35","TP","","Chinese Academy of Sciences"
"7192592","School of Statistics, East China Normal University, Shanghai, People's Republic of China","02n96ep67","TP","","East China Normal University"
"7192592","School of Statistics and Information, Shanghai University of International Business and Economics, Shanghai, People's Republic of China","031t68441","TP","","Shanghai University of International Business and Economics"
"7192592","School of Statistics and Management, Shanghai University of Finance and Economics, Shanghai, People's Republic of China","00wtvfq62","TP","","Shanghai University of Finance and Economics"
"7192593","Department of Statistics and Department of Economics, Harvard University, Cambridge, MA, USA","03vek6s52","TP","","Harvard University"
"7192593","Department of Statistics, Harvard University, Cambridge, MA, USA","03vek6s52","TP","","Harvard University"
"7192594","RiskLab Switzerland, Department of Mathematics, ETH Zurich, Zurich, Switzerland","05a28rw58","TP","","ETH Zurich"
"7192595","Department of Mathematics and Statistics, University of North Carolina at Charlotte, Charlotte, NC, USA","04dawnj30","TP","","University of North Carolina at Charlotte"
"7192595","School of Statistics, Beijing Normal University, Beijing, People's Republic of China","022k4wk35","TP","","Beijing Normal University"
"7192595","Department of Statistics, School of Economics, Jinan University, Guangzhou, People's Republic of China","02xe5ns62","TP","","Jinan University"
"7192596","Institute of Mathematical Science and Computing, University of São Paulo, São Carlos, Brazil","036rp1748","TP","","Universidade de São Paulo"
"7192597","Department of Statistics, University of Brasília, Brasília- DF, Brazil","02xfp8v59","TP","","Universidade de Brasília"
"7192597","Department of Mathematics, University of Brasília, Brasília- DF, Brazil","02xfp8v59","TP","","Universidade de Brasília"
"7192598","Center for Applied Statistics, School of Statistics, Renmin University of China, Beijing, People's Republic of China","041pakw92","TP","","Renmin University of China"
"7192599","ICAR-Indian Agricultural Statistics Research Institute, New Delhi, India","03rsgdh53","FP_wrong","","ICAR - Central Island Agricultural Research Institute"
"7192600","Department of Statistics, Zhejiang Gongshang University, Hangzhou, People's Republic of China","0569mkk41","TP","","Zhejiang Gongshang University"
"7192600","Department of Biostatistics, School of Medicine, Virginia Commonwealth University, Richmond, VA, USA","02nkdxk79","TP","","Virginia Commonwealth University"
"7192600","School of Computer and Information Engineering, Zhejiang Gongshang University, Hangzhou, People's Republic of China","0569mkk41","TP","","Zhejiang Gongshang University"
"7192600","Epidemiology and Biostatistics Program, School of Community Health Sciences, University of Nevada Las Vegas, Las Vegas, NV, USA","0406gha72","TP","","University of Nevada, Las Vegas"
"7192601","Department of Biostatistics, Jiann-Ping Hsu College of Public Health, Georgia Southern University, GA, USA","00k85q565;04agmb972","FP_partial","","Mitte Foundation;Georgia Southern University"
"7192602","Department of Statistics, Ferdowsi University of Mashhad, Mashhad, Iran","00g6ka752","TP","","Ferdowsi University of Mashhad"
"7192602","Present address: Department of Statistics, University of Bojnord, PO Box 94531-1339 Bojnord, Iran","05khxfe53","TP","","University of Bojnord"
"7192603","School of Mathematics, University of Manchester, Manchester, UK","027m9bs27","TP","","University of Manchester"
"7192603","Department of Statistics, Hacettepe University, Ankara, Turkey","04kwvgz42","TP","","Hacettepe University"
"7192604","Department of Mathematics, Texas A&M University–Kingsville, Kingsville, TX, USA","05abs3w97","TP","","Texas A&M University – Kingsville"
"7192605","Department of Mathematics and Statistics, Memorial University of Newfoundland, St. John's, Newfoundland, Canada","04haebc03","TP","","Memorial University of Newfoundland"
"7192605","School of Mathematics and Statistics, Carleton University, Ottawa, Ontario, Canada","02qtvee93","TP","","Carleton University"
"7192606","School of Statistics, Renmin University of China, Beijing, People's Republic of China","041pakw92","TP","","Renmin University of China"
"7192607","Department of Mathematics and Technology, RheinAhrCampus, Koblenz University of Applied Sciences, Remagen, Germany","04j351e79","TP","","Koblenz University of Applied Sciences"
"7192607","School of Biology, University of St Andrews, St Andrews, Fife, UK","02wn5qz54","TP","","University of St Andrews"
"7192608","Faculty of Mathematical Sciences, University of Mazandaran, Babolsar, Iran","05fp9g671","TP","","University of Mazandaran"
"7192609","School of Mathematics and Statistics, Hebei University of Economics and Business, Shijiazhuang, People's Republic of China","05j1kc284","TP","","Hebei University of Economics and Business"
"7192609","Department of Mathematics, China Agricultural University, Beijing, People's Republic of China","04v3ywz14","TP","","China Agricultural University"
"7192610","Department of Statistics, Bartin University, Bartin, Turkey","03te4vd35","TP","","Bartin University"
"7192610","Department of Statistics, Ankara University, Ankara, Turkey","01wntqw50","TP","","Ankara University"
"7192612","Business School, Liaoning University, Shenyang, People's Republic of China","03xpwj629","TP","","Liaoning University"
"7192612","College of Science, Shenyang Agricultural University, Shenyang, People's Republic of China","01n7x9n08","TP","","Shenyang Agricultural University"
"7192612","Department of Mathematics, Liaoning University, Shenyang, People's Republic of China","03xpwj629","TP","","Liaoning University"
"7192612","Institute of Statistics and LPMC, Nankai University, Tianjin, People's Republic of China","01y1kjr75","TP","","Nankai University"
"7192613","Department of Statistics, Virginia Tech, Blacksburg, VA, USA","02smfhw86","TP","","Virginia Tech"
"7192613","University of Virginia, Charlottesville, VA, USA","0153tk833","TP","","University of Virginia"
"7192614","School of Engineering and Science, Tecnologico de Monterrey, Monterrey, Mexico","03ayjn504","TP","","Tecnológico de Monterrey"
"7192614","Department of Mathematics and Statistics, Texas Tech University, Lubbock, TX, USA","034aqab36","TP","","Texas Tech University"
"7192615","Faculty of Science, Department of Statistics, Mugla Sitki Kocman University, Muğla, Turkey","05n2cz176","TP","","Muğla University"
"7192616","Department of Mathematics, University of Louisiana at Lafayette, Lafayette, LA, USA","01x8rc503","TP","","University of Louisiana at Lafayette"
"7192617","Department of Statistics, Virginia Tech, Blacksburg, VA, USA","02smfhw86","TP","","Virginia Tech"
"7192617","Department of Mathematics and Statistics, McMaster University, Hamilton, Canada","02fa3aq29","TP","","McMaster University"
"7192618","State Key Laboratory of Mechanics and Control of Mechanical Structures, Nanjing University of Aeronautics and Astronautics, Nanjing, People's Republic of China","01scyh794","TP","","Nanjing University of Aeronautics and Astronautics"
"7192618","Institute of Nano Science, Nanjing University of Aeronautics and Astronautics, Nanjing, People's Republic of China","01scyh794","TP","","Nanjing University of Aeronautics and Astronautics"
"7192618","Department of Mathematics, Nanjing University of Aeronautics and Astronautics, Nanjing, People's Republic of China","01scyh794","TP","","Nanjing University of Aeronautics and Astronautics"
"7192618","Faculty of Mathematics and Physics, Huaiyin Institute of Technology, Huai'an, People's Republic of China","0555ezg60","TP","","Huaiyin Institute of Technology"
"7192619","Department of Mathematics and Statistics, University of Winnipeg, Winnipeg, Canada","02gdzyx04","TP","","University of Winnipeg"
"7192619","Department of Statistics, Shahrood University of Technology, Shahrood, Iran","00yqvtm78","TP","","University of Shahrood"
"7192620","Department of Statistics, Universidad Carlos III de Madrid, Madrid, Spain","03ths8210","TP","","Universidad Carlos III de Madrid"
"7192620","Instituto Flores de Lemus, Madrid, Spain","0321tjn48","TP","","Instituto de Formación y Estudios Sociales"
"7192620","Escuela Técnica Superior de Ingenieros Industriales, Universidad Politécnica de Madrid, Madrid, Spain","03n6nwv02","TP","","Universidad Politécnica de Madrid"
"7192621","School of Mathematics, Statistics and Computer Science, College of Science, University of Tehran, Tehran, Iran","05vf56z40","TP","","University of Tehran"
"7192622","School of Mathematical Sciences, Xiamen University, Xiamen, People's Republic of China","00mcjh785","TP","","Xiamen University"
"7192623","RECITS Laboratory, Faculty of Mathematics, USTHB, Algiers, Algeria","02kb89c09","TP","","University of Sciences and Technology Houari Boumediene"
"7192624","Department of Statistics, Faculty of Science and Letters, Çukurova University, Adana, Turkey","05wxkj555","TP","","Cukurova University"
"7192625","Department of Statistics, Quaid-i-Azam University, Islamabad, Pakistan","04s9hft57","TP","","Quaid-i-Azam University"
"7192626","Faculty of Sciences, Department of Statistics, Dokuz Eylul University, Izmir, Turkey","00dbd8b73","TP","","Dokuz Eylül University"
"7192627","Department of Mathematics, National Institute of Technology, Calicut, Kerala, India","01vmfpj79","FP_wrong","","National Institute of Technology Goa"
"7192628","Plan and Budget Organization of Mazandaran, Sari, Iran","","TN","",""
"7192628","Statistical Research and Training Center, Tehran, Iran","","TN","",""
"7192629","Department of Statistics, University of Pretoria, Pretoria, South Africa","00g0p6g84","TP","","University of Pretoria"
"7192629","Department of Mathematics and Statistics, McMaster University, Ontario, Canada","02fa3aq29","TP","","McMaster University"
"7192630","Department of Mathematics, Institute of Infrastructure, Technology, Research and Management (IITRAM), Ahmedabad, India","03xcn0p72","FP_wrong","","Institute of Himalayan Bioresource Technology"
"7192631","Department of Industrial Engineering, Cullen College of Engineering, University of Houston, Houston, TX, USA","048sx0r50","TP","","University of Houston"
"7192631","Department of Statistics, Faculty of Mathematics, Statistics and Computer Sciences, Semnan University, Semnan, Iran","029gksw03","TP","","Semnan University"
"7192632","School of Economics and Management, China University of Geosciences, Wuhan, People's Republic of China","04gcegc37","TP","","China University of Geosciences"
"7192632","School of Mathematics and Statistics, Wuhan University, Wuhan, People's Republic of China","033vjfk17","TP","","Wuhan University"
"7192632","School of Statistics and Mathematics, Zhongnan University of Economics and Law, Wuhan, People's Republic of China","04yqxxq63","TP","","Zhongnan University of Economics and Law"
"7192632","Research Center of Resource and Environmental Economics, China University of Geosciences, Wuhan, People's Republic of China","04gcegc37","TP","","China University of Geosciences"
"7192634","School of Mathematics, Statistics and Physics, & Chair of Spatial Analytics, Newcastle University, UK","01kj2bm70","TP","","Newcastle University"
"7192634","Department of Statistics, Federal University of Bahia, Salvador, Brazil","03k3p7647","TP","","Universidade Federal da Bahia"
"7192634","CAST, Faculty of Natural Sciences, University of Tampere, Tampere, Finland","05p6qqk79","TP","","University of Tampere"
"7192634","Department of Mathematics, Technical University Federico Santa Maria, Valparaiso, Chile","05510vn56","TP","","Federico Santa María Technical University"
"7192635","School of Mathematics and Statistics, Newcastle University, Newcastle Upon Tyne, UK","01kj2bm70","TP","","Newcastle University"
"7192635","Department of Computational Science, University of Zurich, Zurich, Switzerland","02crff812","TP","","University of Zurich"
"7192635","Department of Mathematics, University of Zurich, Zurich, Switzerland","02crff812","TP","","University of Zurich"
"7192635","Departamento de Matemática, Universidad Técnica Federico Santa Maria, Valparaiso, Chile","05510vn56","TP","","Federico Santa María Technical University"
"7192636","Instituto de Fomento Pesquero, Valparaíso, Chile","04exg7985","TP","","Instituto de Fomento Pesquero"
"7192636","Marine Sciences School, Natural Resources Faculty, Pontificia Universidad Católica de Valparaíso, Valparaíso, Chile","02cafbr77","TP","","Pontificia Universidad Católica de Valparaíso"
"7192636","Biomedical Engineering School, Engineering Faculty, Universidad de Valparaíso, Valparaíso, Chile","00h9jrb69","TP","","University of Valparaíso"
"7192637","Institute of Mathematics and Statistics, Universidade Federal do Rio Grande do Sul, Porto Alegre, Brazil","041yk2d64","TP","","Universidade Federal do Rio Grande do Sul"
"7192637","Department of Statistics, Universidade Federal do Rio Grande do Sul, Porto Alegre, Brazil","041yk2d64","TP","","Universidade Federal do Rio Grande do Sul"
"7192638","Universidad Tecnica Federico Santa Maria, Valparaiso, Chile","05510vn56","TP","","Federico Santa María Technical University"
"7192638","Department of Statistics, University of Concepción, Concepcion, Chile","0460jpj73","TP","","University of Concepción"
"7192638","Department of Mathematics, University of Bío-Bío, Concepción, Chile","04dndfk38","TP","","University of Bío-Bío"
"7192638","Newcastle University, Newcastle Upon Tyne, UK","01kj2bm70","TP","","Newcastle University"
"7192639","Department of Statistics, Federal University of Bahia, Salvador, Brazil","03k3p7647","TP","","Universidade Federal da Bahia"
"7192639","CAST, Faculty of Natural Sciences, University of Tampere, Tampere, Finland","05p6qqk79","TP","","University of Tampere"
"7192639","Department of Statistics, Bu-Ali Sina University, Hamedan, Iran","04ka8rx28","TP","","Bu-Ali Sina University"
"7192640","Pontificia Universidad Católica del Perú, Lima, Perú","00013q465","TP","","Pontifical Catholic University of Peru"
"7192641","Departamento de Matemática, Universidad Técnica Federico Santa María, Valparaíso, Chile","05510vn56","TP","","Federico Santa María Technical University"
"7192641","Insituto de Estadística, Pontificia Universidad Católica de Valparaíso, Valparaíso, Chile","02cafbr77","TP","","Pontificia Universidad Católica de Valparaíso"
"7192641","School of Economic, Political and Policy Sciences, University of Texas at Dallas, Richardson, TX, USA","049emcs32","TP","","The University of Texas at Dallas"
"7192642","Department of Statistics, University of Campinas, Campinas-SP, Brazil","04wffgt70","TP","","Universidade Estadual de Campinas (UNICAMP)"
"7192642","Department of Statistics, University Carlos III de Madrid, Getafe- Madrid, Spain","03ths8210","TP","","Universidad Carlos III de Madrid"
"7192643","Department of Mathematical Sciences, Aalborg University, Aalborg, Denmark","04m5j1k67","TP","","Aalborg University"
"7192643","Department of Statistics, Razi University, Kermanshah, Iran","02ynb0474","TP","","Razi University"
"7192644","Huaiyin Institute of Technology, Huai'an, People's Republic of China","0555ezg60","TP","","Huaiyin Institute of Technology"
"7192645","Department of Statistics, School of Economics, Xiamen University and Wang Yanan Institute for Studies in Economics (WISE), Xiamen University, Xiamen, People's Republic of China","00mcjh785;00mcjh785","TP","","Xiamen University"
"7192645","Graduate School of Economics, Kobe University, Kobe, Japan","03tgsfw79","TP","","Kobe University"
"7192646","Department of Statistics, Universidade Federal do Amazonas, Manaus, Brazil","02263ky35","TP","","Universidade Federal do Amazonas"
"7192646","LMNO, UFR de Sciences, Université de Caen Basse-Normandie, Caen, France","051kpcy16","TP","","Université de Caen Normandie"
"7192646","Department of Mathematics, Faculty of Science, Tanta University, Tanta, Egypt","016jp5b92","TP","","Tanta University"
"7192647","Department of Econometrics, Faculty of Economics and Administrative Sciences, Çukurova University, Adana, Turkey","05wxkj555","TP","","Cukurova University"
"7192647","Department of Statistics, Faculty of Science and Letters, Çukurova University, Adana, Turkey","05wxkj555","TP","","Cukurova University"
"7192649","Logistikum, University of Applied Sciences Upper Austria, Steyr, Austria","03jqp6d56","TP","","University of Applied Sciences Upper Austria"
"7192649","Department of Statistics, Allameh Tabataba’i University, Tehran, Iran","02cc4gc68","TP","","Allameh Tabataba'i University"
"7192649","Department of Statistics, Bu-Ali Sina University, Hamedan, Iran","04ka8rx28","TP","","Bu-Ali Sina University"
"7192649","HEC Liège, Management School of the University of Liège, Liège, Belgium","00afp2z80","TP","","University of Liège"
"7192650","Departamento de Matemática, Facultad de Ingeniería, Universidad de Atacama, Copiapó, Chile","022yres73","TP","","University of Atacama"
"7192650","Instituto de Ciências Matemáticas e de Computação, Universidade de São Paulo, São Carlos, São Paulo, Brazil","036rp1748","TP","","Universidade de São Paulo"
"7192651","Melbourne Business School, The University of Melbourne, Melbourne, Australia","01ej9dk98","TP","","The University of Melbourne"
"7192651","Don Carlo Gnocchi Foundation, Istituto di Ricovero e Cura a Carattere Scientifico [IRCCS], Milan, Italy","006x48140","FP_wrong","","Istituto di Ricovero e Cura a Carattere Scientifico San Raffaele"
"7192652","Institute of Statistics and LPMC, Nankai University, Tianjin, People's Republic of China","01y1kjr75","TP","","Nankai University"
"7192652","School of Science, Tianjin University of Technology and Education, Tianjin, People's Republic of China","035gwtk09","TP","","Tianjin University of Technology and Education"
"7192653","Instituto de Ciências Matemáticas e de Computação, Universidade de São Paulo, São Carlos, SP, Brasil","036rp1748","TP","","Universidade de São Paulo"
"7192654","Leibniz Institute for Prevention Research and Epidemiology – BIPS, Bremen, Germany","02c22vc57","TP","","Leibniz Institute for Prevention Research and Epidemiology - BIPS"
"7192654","Faculty of Mathematics and Computer Science, University of Bremen, Bremen, Germany","04ers2y35","TP","","University of Bremen"
"7192654","Scientific Institute of TK for Benefit and Efficiency in Health Care – WINEG, Hamburg, Germany","0527w8j59","FP_wrong","","Institute for Technical and Scientific Hydrology (Germany)"
"7192655","School of Mathematic and Physical Science, Xuzhou University of Technology, Xuzhou, People's Republic of China","02315by94","TP","","Xuzhou University of Technology"
"7192655","School of Mathematics, Southeast University, Nanjing, People's Republic of China","00cf0ab87","FP_wrong","","Southeast University"
"7192655","School of Statistics and Mathematics, Nanjing Audit University, Nanjing, People's Republic of China","04zj2bd87","TP","","Nanjing Audit University"
"7192656","School of Mathematics and Statistics, The Open University, Milton Keynes, UK","05mzfcs16","TP","","The Open University"
"7192657","Department of Statistics, Anandibai Raorane Arts, Commerce and Science College Vaibhavwadi, Sindhudurga, Maharashtra, India","02jf3sn72","FP_wrong","","Islamia College of Science and Commerce, Srinagar"
"7192657","Department of Statistics, Shivaji University, Kolhapur, Maharashtra, India","01bsn4x02","TP","","Shivaji University"
"7192658","Department of Industrial Management, National Taiwan University of Science and Technology, Taipei, Taiwan","00q09pe49","TP","","National Taiwan University of Science and Technology"
"7192658","Institute of Management, National Taiwan University of Science and Technology, Taipei, Taiwan","00q09pe49","TP","","National Taiwan University of Science and Technology"
"7192659","Department of Statistics, Zagazig University, Zagazig, Ash Sharqiyah, Egypt","053g6we49","TP","","Zagazig University"
"7192659","Department of Statistics, St. Anthony's College, Shillong, Meghalaya, India","00z58xw11","FP_wrong","","St. John's College, Palayamkottai"
"7192659","Department of Mathematics, Indian Institute of Technology, Patna, Bihar, India","01kh5gc44","FP_wrong","","Indian Institute of Technology BHU"
"7192660","Department of Information Technologies, Irkutsk State University, Irkutsk, Russia","01j99nc54","TP","","Irkutsk State University"
"7192660","Department of Information Systems and Information Security, Irkutsk State University of Railway Transport, Irkutsk, Russia","05smtc341","TP","","Irkutsk State Transport University"
"7192661","Department of Statistics, Anadolu University, Eskisehir, Turkey","05nz37n09","TP","","Anadolu University"
"7192662","Key Lab of Statistical Modeling and Data Analysis of Yunnan Province, Yunnan University, Kunming, People's Republic of China","0040axw97","TP","","Yunnan University"
"7192663","Department of Quantitative Methods for Economics and Business, University of Granada, Granada, Spain","04njjy449","TP","","Universidad de Granada"
"7192663","Department of Economic and Business, University of Almería, Almería, Spain","003d3xx08","TP","","University of Almería"
"7192664","Department of Statistics, Government College University, Faisalabad, Pakistan","00bqnfa53","FP_wrong","","Government College Women University Sialkot"
"7192664","Department of Mathematics, Institute of Statistics, Zhejiang University, Hangzhou, People’s Republic of China","00a2xv884","TP","","Zhejiang University"
"7192665","Department of Information Systems, Business Statistics and Operations Management, The Hong Kong University of Science and Technology, Clear Water Bay, Hong Kong","00q4vv597","TP","","Hong Kong University of Science and Technology"
"7192666","School of Statistics, Qufu Normal University, Qufu, People's Republic of China","03ceheh96","TP","","Qufu Normal University"
"7192667","Department of Statistics, Yeungnam University, Kyungsan, Republic of Korea","05yc6p159","TP","","Yeungnam University"
"7192667","Department of Statistics, Seoul National University, Seoul, Republic of Korea","04h9pn542","TP","","Seoul National University"
"7192667","Korea University Business School, Seoul, Republic of Korea","0060vt104","FP_wrong","","Tech University of Korea"
"7192668","Division of Biostatistics, Jockey Club School of Public Health and Primary Care, Chinese University of Hong Kong, Shatin, Hong Kong","00t33hh48","TP","","Chinese University of Hong Kong"
"7192668","School of Mathematical Sciences, University of Electronic Science and Technology, Chengdu, People’s Republic of China","04qr3zq92","TP","","University of Electronic Science and Technology of China"
"7192668","School of Mathematics and VC & VR Province Key Laboratory, Sichuan Normal University, Chengdu, People’s Republic of China","043dxc061","TP","","Sichuan Normal University"
"7192668","School of Management, Xi’an Jiaotong University, Xi’an, People’s Republic of China","017zhmm22","TP","","Xi'an Jiaotong University"
"7192669","Govt. Civil Lines College, Multan, Pakistan","00bqnfa53","FP_wrong","","Government College Women University Sialkot"
"7192669","Department of Statistics, Bahauddin Zakariya University, Multan, Pakistan","05x817c41","TP","","Bahauddin Zakariya University"
"7192670","Bank of Japan, Chuo-ku, Tokyo, Japan","04zmdqe71","TP","","Bank of Japan"
"7192670","Institute of Statistical Mathematics, Tachikawa, Tokyo, Japan","","FN","",""
"7192671","Department of Mathematics and Statistics, University of Calgary, Calgary, AB, Canada","03yjb2x39","TP","","University of Calgary"
"7192672","School of Electronic and Optical Engineering, Nanjing University of Science and Technology, Nanjing, People’s Republic of China","00xp9wg62","TP","","Nanjing University of Science and Technology"
"7192673","Department of Biostatistics, The State University of New York, Buffalo, NY, USA","01q1z8k08","TP","","State University of New York"
"7192673","Department of Industrial Engineering and Management, SCE-Shamoon College of Engineering, Beer Sheva, Israel","011aa4g29","TP","","Sami Shamoon College of Engineering"
"7192674","Department of Statistics, Hacettepe University, Ankara, Turkey","04kwvgz42","TP","","Hacettepe University"
"7192675","Department of Statistics, Seoul National University, Seoul, South Korea","04h9pn542","TP","","Seoul National University"
"7192676","Faculty of Sciences, Department of Statistics, Dokuz Eylul University, izmir, Turkiye","00dbd8b73","TP","","Dokuz Eylül University"
"7192677","KLAS and School of Mathematics and Statistics, Northeast Normal University, Changchun, People's Republic of China","02rkvz144","TP","","Northeast Normal University"
"7192677","School of Statistics, Dongbei University of Finance and Economics, Dalian, People's Republic of China","05db1pj03","TP","","Dongbei University of Finance and Economics"
"7192678","School of Engineering and Science, Tecnologico de Monterrey, Monterrey, México","03ayjn504","TP","","Tecnológico de Monterrey"
"7192678","Department of Civil Engineering and Architecture, University of Catania, Catania, Italy","03a64bh57","TP","","University of Catania"
"7192678","Département Qualité Logistique Industrielle et Organisation, Institut Universitaire de Technologie de Nantes, Université de Nantes, Nantes, France","03f099r71;03kjmz544","FP_partial","","Université de Nantes;Instituts Universitaires de Technologie"
"7192678","Production Engineering Department, Polytechnic School, University of São Paulo, São Paulo, Brazil","036rp1748","TP","","Universidade de São Paulo"
"7192679","College of Mechanical Engineering, Beijing Information Science and Technology University, Beijing, People's Republic of China","04xnqep60","TP","","Beijing Information Science & Technology University"
"7192679","College of Mathematics and Statistics, Institute of Statistical Sciences, Shenzhen University, Shenzhen, People's Republic of China","01vy4gh70","TP","","Shenzhen University"
"7192680","Department of Mathematics, University of North Texas, Denton, TX, USA","00v97ad02","TP","","University of North Texas"
"7192680","Department of Management, Yan An University, Yan An, People's Republic of China","01dyr7034","TP","","Yan'an University"
"7192680","Department of Mathematics, Xi An University of Science and Technology, Xi An, People's Republic of China","046fkpt18","TP","","Xi'an University of Science and Technology"
"7192681","Department of Mathematics and Statistics, University of North Carolina Wilmington, Wilmington, NC, USA","02t0qr014","TP","","University of North Carolina Wilmington"
"7192681","Department of Biology and Marine Biology, University of North Carolina Wilmington, Wilmington, NC, USA","02t0qr014","TP","","University of North Carolina Wilmington"
"7192682","Department of Statistics and Operations Research, Faculty of Experimental Sciences, University of Jaén, Jaén, Spain","0122p5f64","TP","","Universidad de Jaén"
"7192683","School of Mechanical Engineering, Northwestern Polytechnical University, Xi'an, Shaanxi, People's Republic of China","01y0j0j86","TP","","Northwestern Polytechnical University"
"7192683","Antai College of Economics and Management, Shanghai Jiao Tong University, Shanghai, People's Republic of China","0220qvk04","TP","","Shanghai Jiao Tong University"
"7192683","Faculty of Business Administration, University of Macau, Macau, People's Republic of China","01r4q9n85","TP","","University of Macau"
"7192684","Department of Statistics, National Taipei University, New Taipei City, Taiwan","03e29r284","TP","","National Taipei University"
"7192685","Department of Mathematics and Physics, College of Arts and Sciences, Qatar University, Doha, Qatar","00yhnba62","TP","","Qatar University"
"7192686","Department of Statistics, COMSATS Institute of IT, Lahore, Pakistan","00nqqvk19","TP","","COMSATS University Islamabad"
"7192686","Department of Statistics, National College of Business Administration & Economics, Lahore, Pakistan","02my4wj17","TP","","National College of Business Administration and Economics"
"7192686","Department of Statistics, Hacettepe University, Beytepe, Ankara, Turkey","04kwvgz42","TP","","Hacettepe University"
"7192686","School of Statistics, University of Minnesota, Minneapolis, MN, USA","017zqws13","TP","","University of Minnesota"
"7192687","Department of Statistics, St. Anthony's College, Shillong, India","00z58xw11","FP_wrong","","St. John's College, Palayamkottai"
"7192687","Department of Statistics, The Islamia University of Bahawalpur, Bahawalpur, Pakistan","002rc4w13","TP","","Islamia University of Bahawalpur"
"7192687","Department of Statistics, Federal University of Pernambuco, Recife, PE, Brazil","047908t24","TP","","Universidade Federal de Pernambuco"
"7192687","Department of Statistics, Quaid-I-Azam University, Islamabad, Pakistan","04s9hft57","TP","","Quaid-i-Azam University"
"7192689","Grand Valley State University, Allendale, MI, USA","001m1hv61","TP","","Grand Valley State University"
"7192689","Duke-NUS Medical School, Singapore, Singapore","02j1m6098","TP","","Duke-NUS Medical School"
"7192689","Texas A&M University, College Station, TX, USA","01f5ytq51","TP","","Texas A&M University"
"7192690","Department of Statistics, University of California at Riverside, Riverside, CA, USA","03nawhv43","TP","","University of California, Riverside"
"7192690","Department of Mathematics and Statistics, University of Saskatchewan, Saskatoon, SK, Canada","010x8gc63","TP","","University of Saskatchewan"
"7192691","Department of Statistics and Applied Probability, National University of Singapore, 6 Science Drive 2, Singapore, 117546, Singapore","01tgyzw49","TP","","National University of Singapore"
"7192693","Department of Statistics, Indiana University, Bloomington, IN, USA","01kg8sb98","TP","","Indiana University"
"7192693","Department of Statistics, Colorado State University, Fort Collins, CO, USA","03k1gpj17","TP","","Colorado State University"
"7192694","Department of Statistics, School of Economics, Xiamen University and Wang Yanan Institute for Studies in Economics (WISE), Xiamen, People's Republic of China","04zxtq045","TP","","Xiamen Nanyang University"
"7192694","Graduate School of Economics, Kobe University, Kobe, Japan","03tgsfw79","TP","","Kobe University"
"7192695","Department of Methodology and Statistics, University of Utrecht, Utrecht, Netherlands","018bzp792","FP_wrong","","University of the Arts Utrecht"
"7192696","Departamento de Estadística, Pontificia Universidad Católica de Chile, Santiago, Chile","04teye511","TP","","Pontificia Universidad Católica de Chile"
"7192696","Department of Statistics, Brigham Young University, Provo, UT, USA","047rhhm47","TP","","Brigham Young University"
"7192697","The Department of Mathematics, The University of Alabama, Tuscaloosa, AL, USA","03xrrjk67","TP","","University of Alabama"
"7192697","Epidemiology and Biostatistics, Arnold School of Public Health, University of South Carolina, Columbia, SC, USA","02b6qw903","TP","","University of South Carolina"
"7192698","Departamento de Estatística, Universidade Federal de Pernambuco, Recife, Brazil","047908t24","TP","","Universidade Federal de Pernambuco"
"7192698","Departamento de Estatística and LACESM, Universidade Federal de Santa Maria, Santa Maria, Brazil","01b78mz79","TP","","Universidade Federal de Santa Maria"
"7192699","Department of Industrial and Systems Engineering, Korea Advanced Institute of Science and Technology (KAIST), Daejeon, Republic of Korea","05apxxy63","TP","","Korea Advanced Institute of Science and Technology"
"7192700","Department of Statistics, Cochin University of Science and Technology, Cochin, India","00a4kqq17","TP","","Cochin University of Science and Technology"
"7192701","Department of Computer Engineering, Artvin Çoruh University, Artvin, Turkey","02wcpmn42","TP","","Artvin Coruh University"
"7192701","Department of Statistics, Anadolu University, Eskişehir, Turkey","05nz37n09","TP","","Anadolu University"
"7192701","Department of Statistics, Ankara University, Ankara, Turkey","01wntqw50","TP","","Ankara University"
"7192702","Department of Industrial Engineering, Faculty of Engineering, Shahed University, Tehran, Iran","01e8ff003","TP","","Shahed University"
"7192703","Department of Statistics and Computer Science, University of Veterinary and Animal Sciences, Lahore, Pakistan","00g325k81","TP","","University of Veterinary and Animal Sciences"
"7192703","Department of Statistics, University of Sargodha, Sargodha, Pakistan","0086rpr26","TP","","University of Sargodha"
"7192703","Department of Statistics, Bahauddin Zakariya University, Multan, Pakistan","05x817c41","TP","","Bahauddin Zakariya University"
"7192704","Department of Statistical Sciences, Sapienza University of Rome, Rome, Italy","02be6w209","TP","","Sapienza University of Rome"
"7192706","Department of Psychology, University of Southern California, Los Angeles, CA, USA","03taz7m60","TP","","University of Southern California"
"7192706","Centre for Clinical Brain Sciences, Neuroimaging Sciences, University of Edinburgh, Edinburgh, UK","01nrxwf90","TP","","University of Edinburgh"
"7192706","Institute of Neuroscience and Psychology, College of Medical, Veterinary and Life, University of Glasgow, Glasgow, UK","00vtgdb53","TP","","University of Glasgow"
"7192707","Institute of Biomedical Sciences, Academia Sinica, Taipei, Taiwan, Republic of China","05bxb3784","TP","","Academia Sinica"
"7192707","Center for Fundamental Science, Kaohsiung Medical University, Kaohsiung, Taiwan, Republic of China","03gk81f96","TP","","Kaohsiung Medical University"
"7192707","Department of Applied Mathematics, National Chung Hsing University, Taichung City, Taiwan, Republic of China","05vn3ca78","TP","","National Chung Hsing University"
"7192707","Department of Applied Mathematics, Chung Yuan Christian University, Chung Li, Taiwan, Republic of China","02w8ws377","TP","","Chung Yuan Christian University"
"7192708","Centre for Multilevel Modelling, University of Bristol, Bristol, UK","0524sp257","TP","","University of Bristol"
"7192708","Institute of Health Management, Policy and Evaluation, University of Toronto, Toronto, ON, Canada","03dbr7087","TP","","University of Toronto"
"7192708","Schulich Heart Research Program, Sunnybrook Research Institute, Toronto, ON, Canada","05n0tzs53","TP","","Sunnybrook Research Institute"
"7192708","Institute for Clinical Evaluative Sciences, Toronto, ON, Canada","","FN","",""
"7192709","School of Mathematics, Southwest Jiaotong University, Chengdu, China","00hn7w693","TP","","Southwest Jiaotong University"
"7192709","Singapore Eye Research Institute, Duke-NUS Medical School, Singapore","02crz6e12","TP","","Singapore Eye Research Institute"
"7192709","Singapore Eye Research Institute, Duke-NUS Medical School, Singapore","02j1m6098","TP","","Duke-NUS Medical School"
"7192709","Singapore Eye Research Institute, Singapore","02crz6e12","TP","","Singapore Eye Research Institute"
"7192710","Department of Statistics, University of Peshawar, Peshawar, Pakistan","02t2qwf81","TP","","University of Peshawar"
"7192710","Department Statistics, Quaid-i-Azam University, Islamabad, Pakistan","04s9hft57","TP","","Quaid-i-Azam University"
"7192711","Université de Lausanne, Lausanne, Switzerland","019whta54","TP","","University of Lausanne"
"7192711","ETH Zürich, Zürich, Switzerland","05a28rw58","TP","","ETH Zurich"
"7192711","SCOR Switzerland Ltd, Zürich, Switzerland","","TN","",""
"7192712","Department of Mathematics, Birjand Branch, Islamic Azad University, Birjand, Iran","02558wk32","FP_wrong","","Islamic Azad University, Arak"
"7192712","Department of Statistics, University of Birjand, Birjand, Iran","03g4hym73","TP","","University of Birjand"
"7192713","Department of Mathematics and Statistics, University of Winnipeg, Winnipeg, Canada","02gdzyx04","TP","","University of Winnipeg"
"7192713","Department of Statistics, University of Winnipeg, Winnipeg, MB, Canada","02gdzyx04","TP","","University of Winnipeg"
"7192714","School of Health Administration, Texas State University-San Marcos, San Marcos, TX, USA","009ey6w22","TP","","Texas State University System"
"7192715","School of Health Administration, Texas State University-San Marcos, San Marcos, TX, USA","009ey6w22","TP","","Texas State University System"
"7192716","Department of Mathematics and Statistics, University of Neyshabur, Neyshabur, Iran","01x41eb05","TP","","University of Neyshabur"
"7192716","Department of Statistics, Ferdowsi University of Mashhad, Mashhad, Iran","00g6ka752","TP","","Ferdowsi University of Mashhad"
"7192717","Department of Behavioral Sciences & Social Medicine, Florida State University, College of Medicine, Tallahassee, FL, USA","05g3dte14","TP","","Florida State University"
"7192717","Department of Statistics, Florida State University, Tallahassee, USA","05g3dte14","TP","","Florida State University"
"7192718","Department of Statistics and Applied Probability, National University of Singapore, Singapore, Singapore","01tgyzw49","TP","","National University of Singapore"
"7192718","School of Mathematics and Statistics, University of Western Australia, Crawley, Australia","047272k79","TP","","The University of Western Australia"
"7192719","Department of Mathematics and Statistics, Bowling Green State University, Bowling Green, USA","00ay7va13","TP","","Bowling Green State University"
"7192719","Department of Mathematics and Statistics, University of Minnesota, Duluth, USA","017zqws13","FP_wrong","","University of Minnesota"
"7192720","Departamento de Estatística, Universidade Federal do Rio Grande do Norte, Natal, Brazil","04wn09761","TP","","Universidade Federal do Rio Grande do Norte"
"7192720","Departamento de Estatística, Universidade Federal do Espírito Santo, Vitória, Brazil","05sxf4h28","TP","","Universidade Federal do Espírito Santo"
"7192721","School of Statistics, Qufu Normal University, Qufu, People's Republic of China","03ceheh96","TP","","Qufu Normal University"
"7192721","College of Science, China University of Petroleum, Qingdao, People's Republic of China","041qf4r12","TP","","China University of Petroleum, Beijing"
"7192721","Zhongtai Securities Institute for Financial Studies, Shandong University, Jinan, People's Republic of China","0207yh398","TP","","Shandong University"
"7192722","School of Computer Science, Engineering and Mathematics, Flinders University, Adelaide, South Australia, Australia","01kpzv902","TP","","Flinders University"
"7192722","School of Mathematics, An Giang University, Long Xuyen, An Giang, Vietnam","023pm6532","TP","","An Giang University"
"7192723","Department of Mathematics and Statistics, Jishou University, Jishou, People’s Republic of China","056szk247","TP","","Jishou University"
"7192723","Department of Mathematics and Statistics, Central China Normal University, Wuhan, People's Republic of China","03x1jna21","TP","","Central China Normal University"
"7192724","Department of Mathematics and Computer Science, Eindhoven University of Technology, Eindhoven, Netherlands","02c2kyt77","TP","","Eindhoven University of Technology"
"7192724","Interdisciplinary Center of Psychopathology and Emotion Regulation, University of Groningen, University Medical Center Groningen, Groningen, Netherlands","012p63287","TP","","University of Groningen"
"7192724","Interdisciplinary Center of Psychopathology and Emotion Regulation, University of Groningen, University Medical Center Groningen, Groningen, Netherlands","03cv38k47","TP","","University Medical Center Groningen"
"7192724","I-BioStat, Katholieke Universiteit Leuven, Leuven, Belgium","05f950310","TP","","KU Leuven"
"7192724","I-BioStat, Universiteit Hasselt, Diepenbeek, Belgium","04nbhqj75","TP","","Hasselt University"
"7192725","Departamento de Estatística, Universidade Federal do Rio Grande do Norte, Natal, Brazil","04wn09761","TP","","Universidade Federal do Rio Grande do Norte"
"7192725","Departamento de Estatística and LACESM, Universidade Federal de Santa Maria, Santa Maria, Brazil","01b78mz79","TP","","Universidade Federal de Santa Maria"
"7192725","Instituto de Matemática e Estatística, Universidade de São Paulo, São Paulo, Brazil","036rp1748","TP","","Universidade de São Paulo"
"7192726","Department of Mathematics, College of Arts & Sciences, The University of Tennessee at Chattanooga, Chattanooga, TN, USA","00nqb1v70","TP","","University of Tennessee at Chattanooga"
"7192727","School of Statistics and Management, Shanghai University of Finance and Economics, Shanghai, People's Republic of China","00wtvfq62","TP","","Shanghai University of Finance and Economics"
"7192727","Department of Biostatistics, Yale University, New Haven, CT, USA","03v76x132","TP","","Yale University"
"7192727","Department of Mathematics and Statistics, Brock University, Ontario, Canada","056am2717","TP","","Brock University"
"7192728","Department of Mathematics and Statistics, York University, Toronto, Ontario, Canada","05fq50484","TP","","York University"
"7192728","Department of Mathematics and Statistics, Thompson Rivers University, Kamloops, British Columbia, Canada","","FN","",""
"7192729","Department of Statistics, School of Mathematics and Statistics, Xi'an Jiaotong University, Xi'an, PR China","017zhmm22","TP","","Xi'an Jiaotong University"
"7192730","Department of Mathematics and Instituto de Computación Científica Avanzada (ICCAEx), University of Extremadura, Badajoz, Spain","0174shg90","TP","","Universidad de Extremadura"
"7192731","Department of Statistics and Quantitative Methods, Università degli Studi di Milano-Bicocca, Milano, Italy","01ynf4891","TP","","University of Milano-Bicocca"
"7192731","Department of Economics, Management and Quantitative Methods, Università degli Studi di Milano, Milano, Italy","00wjc7c48","TP","","University of Milan"
"7192732","Institute of Statistics, National Tsing Hua University, Hsinchu, Taiwan","00zdnkx70","TP","","National Tsing Hua University"
"7192733","School of Mathematics, University of Manchester, Manchester, UK","027m9bs27","TP","","University of Manchester"
"7192734","School of Economics and Management, Beihang University, Beijing, People's Republic of China","00wk2mp56","TP","","Beihang University"
"7192734","Beijing Key Laboratory of Emergence Support Simulation Technologies for City Operations, Beijing, People's Republic of China","","TN","",""
"7192735","Department of Astronomy, Beijing Normal University, Beijing, People's Republic of China","022k4wk35","TP","","Beijing Normal University"
"7192736","Department of Statistics, University of Jammu, Jammu, India","02retg991","TP","","University of Jammu"
"7192737","Mathematical Sciences Institute, Australian National University, Canberra, ACT, Australia; and Yau Mathematical Sciences Center, Tsinghua University, Beijing, China","019wvm592","TP","","Australian National University"
"7192737","Mathematical Sciences Institute, Australian National University, Canberra, ACT, Australia; and Yau Mathematical Sciences Center, Tsinghua University, Beijing, China","03cve4549","TP","","Tsinghua University"
"7192737","School of Mathematics, Monash University, Clayton, VIC, Australia","02bfwt286","TP","","Monash University"
"7192737","School of Mathematics and Statistics, University of Sydney, NSW, Australia","0384j8v12","TP","","The University of Sydney"
"7192738","Department of Mathematics, University of California at Santa Barbara","02t274463","TP","","University of California, Santa Barbara"
"7192738","Department of Mathematics, Princeton University, Princeton, New Jersey, U.S.A.","00hx57361","TP","","Princeton University"
"7192739","Department of Mathematics, Brown University, Providence, Rhode Island, U.S.A.","05gq02987","TP","","Brown University"
"7192740","Department of Mathematics, University of California at Davis","0168r3w48","FP_wrong","","University of California San Diego"
"7192740","Department of Mathematics, Harvard University, Cambridge, Massachusetts, U.S.A.","03vek6s52","TP","","Harvard University"
"7192740","Department of Mathematics, Massachusetts Institute of Technology, Cambridge, Mass., U.S.A.","042nb2s44","TP","","Massachusetts Institute of Technology"
"7192741","Department of Applied Mathematics and Statistics, Ukrainian Catholic University, Lviv, Ukraine, Lviv, Ukraine","05tt5nr09","TP","","Ukrainian Catholic University"
"7192741","Department of Computational Mathematics and Programming, Lviv Polytechnic National University, Lviv, Ukraine, Lviv, Ukraine","0542q3127","TP","","Lviv Polytechnic National University"
"7192742","Kyiv National University of Food Technologies Kyiv, Ukraine, Kyiv, Ukraine","050vh8780","FP_wrong","","Kyiv National University of Technologies and Design"
"7192742","Ivan Franko National University of Lviv Lviv, Ukraine, Lviv, Ukraine","01s7y5e82","TP","","Lviv University"
"7192743","Zhytomyr Ivan Franko State University, Zhytomyr, Ukraine","044ghaj56","TP","","Zhytomyr Ivan Franko State University"
"7192744","Ivano-Frankivsk National Technical University of Oil and Gas, Ivano-Frankivsk, Ukraine","01f1ses45","TP","","Ivano-Frankivsk National Technical University of Oil and Gas"
"7192745","Diablo Valley College San Ramon Campus, San Ramon, USA Chabot College Hesperian Blvd Hayward, USA, San Ramon, USA","02q865m71","TP","","Diablo Valley College"
"7192745","Diablo Valley College San Ramon Campus, San Ramon, USA Chabot College Hesperian Blvd Hayward, USA, San Ramon, USA","00d18mr25","TP","","Chabot College"
"7192745","Ukrainian National Forestry University Lviv, Ukraine, Lviv, Ukraine","00rwcdf75","TP","","Ukrainian National Forestry University"
"7192746","Vasyl Stefanyk Precarpathian National University, Ukraine, Ivano-Frankivsk, Ukraine","0576vga12","TP","","Vasyl Stefanyk Carpathian National University"
"7192747","Department of Mathematics, West Bengal State University Barasat, 24 Parganas (North), West Bengal, India, Barasat, India","04qs5en05","TP","","West Bengal State University"
"7192749","Universidad de Sucre, Facultad de Educación y Ciencias Departamento de Matemáticas, Sincelejo, Colombia, Sincelejo, Colombia","04fbb7514","TP","","University of Sucre"
"7192749","Instituto Superior de Formaciуn Docente Salomй Ureсa-ISFODOSU, Recinto Emilio Prud’Homme Los Pepines, Santiago de los Caballeros, Repablica Dominicana, Santiago de los Caballeros, Repablica Dominicana","0453v4r20;05tfr6j26","FP_wrong","","University of Puerto Rico at Río Piedras;Facultad Latinoamericana de Ciencias Sociales República Dominicana"
"7192749","Universidad de la Costa, Departamento de Ciencias Naturales y Exactas, Barranquilla Colombia \& Departamento en Matemáticas, Universidad de Oriente, Cumaná, Venezuela, Cumaná, Venezuela","01v5nhr20","TP","","University of the Coast"
"7192749","Universidad de la Costa, Departamento de Ciencias Naturales y Exactas, Barranquilla Colombia \& Departamento en Matemáticas, Universidad de Oriente, Cumaná, Venezuela, Cumaná, Venezuela","03xygw105","TP","","Universidad de Oriente"
"7192752","Department of Mathematics, Keio University, Yokohama, Kanagawa, Japan","02kn6nx58","TP","","Keio University"
"7192753","International Centre for Insect Physiology and Ecology (ICIPE), University of Nairobi School of Biological Sciences, P.O.Box 30772-00100, Nairobi, Kenya","00jjtmm83","FP_wrong","","Kiriri Women's University of Science and Technology"
"7192753","School of Mathematics, University of Nairobi, P.O.Box 30197-00100, Nairobi, Kenya","02y9nww90","TP","","University of Nairobi"
"7192753","Ecological Modeling, International Maize and Wheat Improvement Center (CIMMYT), Nairobi, Kenya","","TN","",""
"7192754","EPPIcenter research program, Department of Medicine, University of California, San Francisco, CA, 94143, USA","00pjdza24","TP","","University of California System"
"7192754","Division of Epidemiology and Biostatistics, University of California, Berkeley, Berkeley, CA94720, USA","00pjdza24","TP","","University of California System"
"7192755","Department of Mathematics, Bonab Branch, Islamic Azad University, Bonab, Iran","02558wk32","FP_wrong","","Islamic Azad University, Arak"
"7192755","Department of Mathematics, Miyaneh Branch, Islamic Azad University, Miyaneh, Iran","02558wk32","FP_wrong","","Islamic Azad University, Arak"
"7192759","Department of Biostatistics and Data Science, The University of Texas School of Public Health, Houston, Texas, 77030, USA","04d5vba33","FP_wrong","","The University of Texas at El Paso"
"7192759","Fudan University School of Life Sciences, CHINA","01zntxs11","FP_wrong","","Shanghai Medical College of Fudan University"
"7192759","AstraZeneca Pharmaceuticals, Gaithersburg, Maryland, 20854, USA","043cec594","TP","","AstraZeneca (United States)"
"7192759","Department of Biostatistics and Data Science, The University of Texas School of Public Health, Houston, Texas, 77030, USA","04d5vba33","FP_wrong","","The University of Texas at El Paso"
"7192759","AstraZeneca Pharmaceuticals, Gaithersburg, Maryland, 20854, USA","043cec594","TP","","AstraZeneca (United States)"
"7192760","CNRS, LIS Université de Toulon, Aix Marseille Université, Marseille, France","052ahj806;00mny5z95;035xkbk20","FP_partial","","Centre de Génétique Moléculaire;Littératures, Imaginaire, Sociétés;Aix-Marseille Université"
"7192760","AI Lab, Faculty of Information Technology Ton Duc Thang University, Ho Chi Minh City, Vietnam","01drq0835;047van922","FP_partial","","Ton Duc Thang University;Nha Trang University"
"7192760","ETIS, ENSEA, CNRS UMR 8051 Université de Cergy-Pontoise, 95302, Cergy-Pontoise, France","052ahj806;03vs46t66","FP_partial","","Centre de Génétique Moléculaire;Université de Cergy-Pontoise"
"7192760","CNRS, GREYC, UMR 6072 Université de Caen Normandie, 14032, Caen, France","00675rp98;051kpcy16","FP_partial","","Centre National pour la Recherche Scientifique et Technique (CNRST);Université de Caen Normandie"
"7192760","Research Groups on Intelligent Machines University of Sfax, BP 1173, 3038, Sfax, Tunisia","04d4sd432","TP","","University of Sfax"
"7192761","School of Computer Science and Technology Huazhong University of Science and Technology, 430074, Wuhan, China","00p991c53","TP","","Huazhong University of Science and Technology"
"7192762","The Center for Applied Mathematics Tianjin University, 300072, Tianjin, China","012tb2g32","TP","","Tianjin University"
"7192763","Zuse Institute Berlin, Takustraße 7, 14195, Berlin, Germany","02eva5865","TP","","Zuse Institute Berlin"
"7192763","Freie Universität Berlin, Arnimallee 6, 14195, Berlin, Germany","046ak2485","TP","","Freie Universität Berlin"
"7192764","School of Electronics and Information Zhongyuan University of Technology, 450000, Zhengzhou, People’s Republic of China","0360zcg91","TP","","Zhongyuan University of Technology"
"7192764","Birkbeck College University of London, WC1E7HX, London, UK","02mb95055","TP","","Birkbeck, University of London"
"7192765","IT University, Copenhagen, Denmark","02309jg23","TP","","IT University of Copenhagen"
"7192765","University of São Paulo, São Paulo, Brazil","036rp1748","TP","","Universidade de São Paulo"
"7192766","TIAD Laboratory Sultan Moulay Slimane University, Beni Mellal, Morocco","02m8tb249;02m8tb249","TP","","Université Sultan Moulay Slimane"
"7192766","LIRST Laboratory Sultan Moulay Slimane University, Beni Mellal, Morocco","02m8tb249;02m8tb249","TP","","Université Sultan Moulay Slimane"
"7192767","University of Warwick, Zeeman Building, CV4 7HP, Coventry, UK","01a77tt86","TP","","University of Warwick"
"7192767","Max Planck Institute for Mathematics in the Sciences, Inselstraße 22, 04103, Leipzig, Germany","","FN","",""
"7192778","Departamento de Matemática Universidade Federal do Ceará, Campus do Pici - Bloco 914, CEP 60455-760, Fortaleza, Ceará, Brazil","03srtnf24","TP","","Universidade Federal do Ceará"
"7192779","Department of Mathematics Rutgers, The State University of New Jersey, 110 Frelinghuysen Road, 08854-8019, Piscataway, NJ, USA","01q1z8k08","FP_wrong","","State University of New York"
"7192794","Key Laboratory of Traffic Safety on the Track of Ministry of Education, School of Traffic and Transportation Engineering, Central South University, 410075Changsha, PR China","00f1zfq44","TP","","Central South University"
"7192794","Department of Mechanics and Maritime Sciences, Chalmers University of Technology, SE-412 96Gothenburg, Sweden","040wg7k59","TP","","Chalmers University of Technology"
"7192794","Institut für Strömungsmechanik und Technische Akustik (ISTA), Technische Universität Berlin, Müller-Breslau-Straße 8, 10623Berlin, Germany","03v4gjf40","TP","","Technische Universität Berlin"
"7192794","Institute for Turbulence–Noise–Vibration Interaction and Control, Harbin Institute of Technology, Shenzhen Campus, PR China","01yqg2h08","TP","","Harbin Institute of Technology"
"7192795","Department of Applied Mathematics and Theoretical Physics, University of Cambridge, Centre for Mathematical Sciences, Wilberforce Road, Cambridge CB3 0WA, UK","013meh722","TP","","University of Cambridge"
"7192796","Mathematics Institute, University of Warwick, Coventry CV4 7AL, UK","01a77tt86","TP","","University of Warwick"
"7192797","Applied Physics Laboratory, University of Washington, Seattle, WA 98105, USA","00cvxb145","TP","","University of Washington"
"7192797","Department of Physical Oceanography, Woods Hole Oceanographic Institution, Woods Hole, MA 02543, USA","03zbnzt98","TP","","Woods Hole Oceanographic Institution"
"7192798","Vehicle Technology Directorate, CCDC-Army Research Lab, Aberdeen Proving Ground, MD 21005, USA","02rdkx920","TP","","United States Army Combat Capabilities Development Command"
"7192798","Department of Mechanical and Aeronautical Engineering, Clarkson University, 8 Clarkson Avenue, Potsdam, NY 13699, USA","03rwgpn18","TP","","Clarkson University"
"7192799","Institute of Mechanics, Chinese Academy of Sciences, 100190Beijing, PR China","034t30j35","TP","","Chinese Academy of Sciences"
"7192799","Department of Mechanical Engineering and St. Anthony Falls Laboratory, University of Minnesota, Minneapolis, MN 55414, USA","017zqws13","TP","","University of Minnesota"
"7192800","Institut Universitaire de France, 75005 Paris, France","055khg266","TP","","Institut Universitaire de France"
"7192800","Physics of Fluids Group, Max Planck Center Twente for Complex Fluid Dynamics, J.M. Burgers Center, and MESA+ Center for Nanotechnology, Department of Science and Technology, University of Twente, P.O. Box 217, 7500 AE Enschede, The Netherlands","035jnav47","TP","","J.M. Burgerscentrum"
"7192800","Physics of Fluids Group, Max Planck Center Twente for Complex Fluid Dynamics, J.M. Burgers Center, and MESA+ Center for Nanotechnology, Department of Science and Technology, University of Twente, P.O. Box 217, 7500 AE Enschede, The Netherlands","006hf6230","TP","","University of Twente"
"7192800","Advanced Research Center for Nanolithography (ARCNL), Science Park 106, 1098 XGAmsterdam, The Netherlands","","FN","",""
"7192800","Department of Physics and Astronomy, and LaserLaB, Vrije Universiteit, De Boelelaan 1081, 1081 HVAmsterdam, The Netherlands","008xxew50","TP","","Vrije Universiteit Amsterdam"
"7192800","Aix Marseille Université, CNRS, IUSTI, 13453 Marseille Cedex 13, France","035xkbk20","TP","","Aix-Marseille Université"
"7192800","Aix Marseille Université, CNRS, IUSTI, 13453 Marseille Cedex 13, France","052ahj806","TP","","Centre de Génétique Moléculaire"
"7192800","Aix Marseille Université, CNRS, IUSTI, 13453 Marseille Cedex 13, France","04bgbbh33","TP","","Institut Universitaire des Systèmes Thermiques Industriels"
"7192800","Aix Marseille Université, CNRS, Centrale Marseille, IRPHE, 13384 Marseille Cedex 13, France","035xkbk20","TP","","Aix-Marseille Université"
"7192800","Aix Marseille Université, CNRS, Centrale Marseille, IRPHE, 13384 Marseille Cedex 13, France","052ahj806","TP","","Centre de Génétique Moléculaire"
"7192800","Aix Marseille Université, CNRS, Centrale Marseille, IRPHE, 13384 Marseille Cedex 13, France","040baw385","TP","","Centrale Marseille"
"7192800","Department of Applied Physics, Eindhoven University of Technology, Den Dolech 2, 5600 MB, Eindhoven, The Netherlands","02c2kyt77","TP","","Eindhoven University of Technology"
"7192801","School of Engineering, University of Western Australia, 35 Stirling Highway,Crawley, WA 6009, Australia","047272k79","TP","","The University of Western Australia"
"7192801","DUT–UWA Joint Research Centre, State Key Laboratory of Coastal and Offshore Engineering,Dalian University of Technology, No. 2 Linggong Road, 116024Dalian, PR China","00adjwa30;023hj5876","FP_partial","","Dalian University of Technology;Joint Institute of the Dalian University of Technology and Belarusian State University"
"7192802","Linné FLOW Centre, Department of Mechanics, Royal Institute of Technology (KTH), Osquars Backe 18, SE-10044Stockholm, Sweden","026vcq606","TP","","KTH Royal Institute of Technology"
"7192802","Department of Aerospace Engineering, University of Cincinnati (UC), 799 Rhodes Hall, 45221Cincinnati, USA","01e3m7079","TP","","University of Cincinnati"
"7192802","Whittle Laboratory, Department of Engineering, University of Cambridge, 1 JJ Thomson Avenue, Cambridge CB3 0DY, UK","013meh722","TP","","University of Cambridge"
"7192803","LMFA – Laboratoire de Mécanique des Fluides et d’Acoustique, Ecole Centrale de Lyon, 36 avenue Guy de Collongue, 69134Ecully CEDEX, France","05s6rge65","TP","","École Centrale de Lyon"
"7192804","Department of Mechanical Engineering, FAMU-FSU College of Engineering,The Florida State University, Tallahassee, FL, USA","05g3dte14","TP","","Florida State University"
"7192805","Department of Electrical Engineering, Tohoku University, 6-6-05, Aramaki, Aoba-ku, Sendai, Miyagi, 980-8579, Japan","01dq60k83","TP","","Tohoku University"
"7192805","Department of Aerospace Engineering, Tohoku University, 6-6-01, Aramaki, Aoba-ku, Sendai, Miyagi, 980-8579, Japan","01dq60k83","TP","","Tohoku University"
"7192806","Department of Mechanical Engineering, University College London, Torrington Place, London WC1E 7JE, UK","02jx3x895","TP","","University College London"
"7192806","School of Naval Architecture and Ocean Engineering, Jiangsu University of Science and Technology, Zhenjiang 212003, China","00tyjp878","TP","","Jiangsu University of Science and Technology"
"7192807","The Interdisciplinary Center","","TN","",""
"7192808","University of Toronto","03dbr7087","TP","","University of Toronto"
"7192808","MIT","05b69xa56","FP","","MIT Art, Design and Technology University"
"7192808","Tel Aviv University","04mhzgx49","TP","","Tel Aviv University"
"7192809","Department of Computer Science Technion","03qryx823","TP","","Technion – Israel Institute of Technology"
"7192810","Université du Québec en Outaouais","011pqxa69","TP","","Université du Québec en Outaouais"
"7192810","CNRS and Univ. Bordeaux","00675rp98;03mq68c95","FP_wrong","","Centre National pour la Recherche Scientifique et Technique (CNRST);Tokoha Gakuen University"
"7192810","CNRS and University Paris Diderot","00675rp98;02n7qrg46","FP_wrong","","Centre National pour la Recherche Scientifique et Technique (CNRST);Université Paris Diderot"
"7192810","South Mediterranean University","00520ze08","FP_wrong","","South Carolina State University"
"7192810","Nokia Bell Labs France","04kwfkk85","TP","","Nokia (France)"
"7192811","McMaster University","02fa3aq29","TP","","McMaster University"
"7192811","University of Houston","048sx0r50","TP","","University of Houston"
"7192829","School of statistics and mathematics Shanghai Lixin University of Accounting and Finance","02g81yf77","TP","","Shanghai Lixin University of Accounting and Finance"
"7192829","College of Applied Mathematics Chengdu University of Information Technology","01yxwrh59","TP","","Chengdu University of Information Technology"
"7192829","Department of Mathematics Nanjing University","01rxvg760","TP","","Nanjing University"
"7192830","Department of Mathematics Netaji Subhas University of Technology","04hdbtc84;01fczmh85","FP_partial","","Netaji Subhas Open University;Netaji Subhas University of Technology"
"7192831","School of Mathematics and Systems Science Guangdong Polytechnic Normal University","02pcb5m77","TP","","Guangdong Polytechnic Normal University"
"7192831","Department of Mathematics Guangdong University of Education","0574der91","TP","","Guangdong University of Education"
"7192832","School of Applied Mathematics Xiamen University of Technology","","TP","","Xiamen University of Technology"
"7192832","College of Mathematics and System Sciences Xinjiang University","059gw8r13","TP","","Xinjiang University"
"7192833","Faculty of Arts and Sciences, Department of Mathematics Çankaya University","056wqre19","TP","","Çankaya University"
"7192834","Thapar Institute of Engineering and Technology","00wdq3744","TP","","Thapar Institute of Engineering & Technology"
"7192835","School of Science Beijing University of Posts and Telecommunications","04w9fbh59","TP","","Beijing University of Posts and Telecommunications"
"7192835","School of Mathematical Science Guizhou Normal University","02x1pa065","TP","","Guizhou Normal University"
"7192836","School of Science Hunan University of Technology","04j3vr751","TP","","Hunan University of Technology"
"7192836","School of Mathematics and Statistics Central South University","00f1zfq44","TP","","Central South University"
"7192837","School of Science China University of Petroleum (East China)","","FN","",""
"7192837","College of Mathematics and Statistics Hainan Normal University","031dhcv14","TP","","Hainan Normal University"
"7192837","Nonlinear Analysis and Applied Mathematics (NAAM)-Research Group King Abdulaziz University","01evb6z23;02ma4wv74","FP_partial","","King University;King Abdulaziz University"
"7192837","School of Mathematics, Statistics and Applied Mathematics National University of Ireland","00shsf120","TP","","National University of Ireland"
"7192838","National University of Uzbekistan","011647w73","TP","","National University of Uzbekistan"
"7192838","Department of Mathematics Karakalpak State University","059w0gb06","TP","","Karakalpak State University"
"7192838","V.I.Romanovskiy Institute of Mathematics Uzbekistan Academy of Sciences","01xgfaw76","TP","","Academy of Sciences Republic of Uzbekistan"
"7192839","Faculty of Mathematics, Informatics and Mechanics University of Warsaw","039bjqg32","TP","","University of Warsaw"
"7192839","CMUC, Department of Mathematics University of Coimbra","04z8k9a98","TP","","University of Coimbra"
"7192839","Departamento de Matemática Universidade da Beira Interior","03nf36p02","TP","","University of Beira Interior"
"7192840","Department of Mathematics Naruto University of Education","00menq219","TP","","Naruto University of Education"
"7192840","Department of Mathematics Shimane University","01jaaym28","TP","","Shimane University"
"7192840","Department of Mathematics Hacettepe University","04kwvgz42","TP","","Hacettepe University"
"7192841","Department of Mathematics, Faculty of Science Khon Kaen University","03cq4gr50","TP","","Khon Kaen University"
"7192842","Department of Mathematics Suleyman Demirel University","02s8x5a25","TP","","Suleyman Demirel University"
"7192842","Department of Statistics Suleyman Demirel University","02s8x5a25","TP","","Suleyman Demirel University"
"7192843","Department of Mathematics King Saud University","02f81g417","TP","","King Saud University"
"7192844","Department of Mathematics University of Isfahan","05h9t7759","TP","","University of Isfahan"
"7192844","School of Mathematics Institute for Research in Fundamental Sciences (IPM)","","FN","",""
"7192845","Department of Mathematics Nanchang University","042v6xz23","TP","","Nanchang University"
"7192845","School of Traffic and Transportation Engineering Central South University","00f1zfq44","TP","","Central South University"
"7192846","Department of Mathematics and Computer Science University of Palermo","04fz79c74","FP_wrong","","University of Palermo"
"7192846","Department of Mathematics National Technical University","0554d9k40","FP_wrong","","National University ""Yuri Kondratyuk Poltava Polytechnic"""
"7192846","Faculty of Mathematics and Statistics Ton Duc Thang University","047van922","FP_wrong","","Nha Trang University"
"7192846","Nonlinear Analysis Research Group Ton Duc Thang University","047van922","FP_wrong","","Nha Trang University"
"7192847","Department of Mathematics Hanoi Architectural University","03c8sfz84","TP","","Hanoi Architectural University"
"7192847","Department of Mathematics Hanoi National University of Education","0360g3z42","TP","","Hanoi National University of Education"
"7192848","Universidad de Murcia","03p3aeb86","TP","","Universidad de Murcia"
"7192848","Department of Mathematics Lanzhou Jiaotong University","03144pv92","TP","","Lanzhou Jiaotong University"
"7192849","School of Mathematics and Statistics Science Ludong University","028h95t32","TP","","Ludong University"
"7192850","School of Mathematics and Computational Science Xiangtan University","00xsfaz62","TP","","Xiangtan University"
"7192850","College of Mathematics Taiyuan University of Technology","03kv08d37","TP","","Taiyuan University of Technology"
"7192851","School of Computer Qinghai Normal University","019htgm96","FP_wrong","","Yili Normal University"
"7192851","Academy of Plateau Science and Sustainability","","TN","",""
"7192851","Department of Mathematics Clayton State University","00t47w971","TP","","Clayton State University"
"7192851","Department of Mathematics Qinghai Normal University","03az1t892","TP","","Qinghai Normal University"
"7192851","College of Science China Jiliang University","05v1y0t93","TP","","China Jiliang University"
"7192852","Department of Mathematics Ankara University Faculty of Science","01wntqw50","TP","","Ankara University"
"7192853","Faculty of Electrical Engineering and Computer Science University of Maribor","01d5jce07","TP","","University of Maribor"
"7192853","Departamento de Matemáticas, Escuela Politécnica Superior de Algeciras Universidad de Cádiz","054s94437","FP_wrong","","Escuela de Administración y Mercadotecnia del Quindío"
"7192853","Institute of Mathematics, Physics and Mechanics","","FN","",""
"7192854","Department of Mathematics Ankara University","01wntqw50","TP","","Ankara University"
"7192854","Departamento de Geometría y Topología, Instituto de Matemáticas (IEMath-GR) Universidad de Granada","04njjy449","TP","","Universidad de Granada"
"7192855","College of Mathematics and Statistics Huanggang Normal University","007gf6e19","TP","","Huanggang Normal University"
"7192855","Department of Mathematics and Statistics Guangxi Normal University","02frt9q65","TP","","Guangxi Normal University"
"7192855","Department of Mathematics and Statistics Central China Normal University","03x1jna21","TP","","Central China Normal University"
"7192856","School of Natural Sciences National University of Sciences and Technology","03w2j5y17","TP","","National University of Sciences and Technology"
"7192857","Sobolev Institute of Mathematics","","FN","",""
"7192857","Faculty of Mathematics K. N. Toosi University of Technology","0433abe34","TP","","K.N.Toosi University of Technology"
"7192857","Department of Mathematical Sciences Kent State University","049pfb863","TP","","Kent State University"
"7192857","Novosibirsk State University","04t2ss102","TP","","Novosibirsk State University"
"7192858","Key Laboratory of High Performance Computing and Stochastic Information Processing (HPCSIP) (Ministry of Education of China), College of Mathematics and Statistics Hunan Normal University","053w1zy07","TP","","Hunan Normal University"
"7192859","Faculty of Math and Statistics Central China Normal University","03x1jna21","TP","","Central China Normal University"
"7192860","Faculty of Mathematics and Statistics South Central University for Nationalities","03d7sax13","TP","","South Central Minzu University"
"7192861","School of Mathematics and Systems Science and LMIB Beihang University","00wk2mp56","TP","","Beihang University"
"7192862","Department of Mathematics, Faculty of Science Benha University","03tn5ee41","TP","","Benha University"
"7192862","School of Computer Science and Technology Wuhan University of Technology","03fe7t173","TP","","Wuhan University of Technology"
"7192862","Department of Mathematics, Faculty of Science Zagazig University","053g6we49","TP","","Zagazig University"
"7192863","Department of Mathematics, Faculty of Science and Arts Amasya University","00sbx0y13","TP","","Amasya Üniversitesi"
"7192863","Department of Mathematics, Faculty of Science Gazi University","054xkpr46","TP","","Gazi University"
"7192863","Department of Mathematics, Faculty of Science and Arts Kırıkkale University","01zhwwf82","TP","","Kırıkkale University"
"7192864","School of Mathematical Sciences University of Electronic Science and Technology of China","04qr3zq92","TP","","University of Electronic Science and Technology of China"
"7192864","School of Mathematics and Statistics Qinghai Nationalities University","01e7csr82","TP","","Qinghai University for Nationalities"
"7192865","School of Mathematics and Statistics Hunan Normal University","053w1zy07","TP","","Hunan Normal University"
"7192866","Department of Mathematics and Statistics King Fahd University of Petroleum and Minerals","03yez3163","TP","","King Fahd University of Petroleum and Minerals"
"7192866","Department of Mathematics, Faculty of Sciences Semlalia Cadi Ayyad University","04xf6nm78","TP","","Cadi Ayyad University"
"7192867","School of Applied Sciences Uşak University","05es91y67","TP","","Usak University"
"7192867","Department of Primary Mathematics Teacher Education İnönü University","04asck240","TP","","Inonu University"
"7192868","Faculty of Sports and Health Science Thailand National Sports University Suphanburi Campus","02zdscb63","TP","","Thailand National Sports University"
"7192868","Department of Mathematics Education, Faculty of Education Sciences University of Granada","04njjy449","TP","","Universidad de Granada"
"7192868","Department of Mathematics and Statistics, Faculty of Science and Technology Thammasat University Rangsit Center","02s7hnh67","FP_wrong","","Thammasat University Hospital"
"7192869","Department of Mathematics Education Ewha Womans University","053fp5c05","TP","","Ewha Womans University"
"7192870","Universidad Politécnica de Madrid","03n6nwv02","TP","","Universidad Politécnica de Madrid"
"7192870","Universidad Carlos III de Madrid","03ths8210","TP","","Universidad Carlos III de Madrid"
"7192871","Université Lyon 1, LIRIS UMR CNRS 5205 Univ Lyon","029brtt94;02fd9re36;03mq68c95","FP_partial","","Tokoha Gakuen University;Université Claude Bernard Lyon 1;Loral (United States)"
"7192871","Faculty of Mathematics and Physics University of Ljubljana","05njb9z20","TP","","University of Ljubljana"
"7192871","Institute of Mathematics, Physics and Mechanics","","FN","",""
"7192872","Department of Mathematics Ankara University","01wntqw50","TP","","Ankara University"
"7192873","Department of Mathematics South China Agricultural University","05v9jqt67","TP","","South China Agricultural University"
"7192873","Department of Mathematics Sungkyunkwan University","04q78tk20","TP","","Sungkyunkwan University"
"7192874","School of Mathematics Science South China Normal University","01kq0pv72","TP","","South China Normal University"
"7192875","Young Researchers and Elite Club, Mashhad Branch Islamic Azad University","00bvysh61","TP","","Islamic Azad University, Mashhad"
"7192875","Department of Information Science, College of Humanities and Sciences Nihon University","05jk51a88","TP","","Nihon University"
"7192875","Department of Basic Sciences Princess Sumaya University for Technology","01jy46q10","TP","","Princess Sumaya University for Technology"
"7192876","Department of Mathematics, Faculty of Science University of Jeddah","015ya8798","TP","","University of Jeddah"
"7192876","Department of Mathematics, Faculty of Science Cairo University","03q21mh05","TP","","Cairo University"
"7192876","Department of Mathematics and Computer Science University of Calabria","02rc97e94","TP","","University of Calabria"
"7192877","Department of Mathematics University of Kurdistan","04k89yk85","TP","","University of Kurdistan"
"7192878","Department of Mathematics University of Bielsko-Biala","03sswts20","FP_wrong","","University of Mobile"
"7192879","Department of Mathematics, Faculty of Civil Engineering University of Belgrade","05fsyf340","FP_wrong","","University of Belgrade – Faculty of Law"
"7192879","Department of Mathematics and Informatics, Faculty of Mechanical Engineering Ss. Cyril and Methodius University in Skopje","03fa2nf38","FP_wrong","","Methodist University"
"7192880","School of Science Beijing University of Posts and Telecommunications","04w9fbh59","TP","","Beijing University of Posts and Telecommunications"
"7192880","College of Computer Jiangxi University of Traditional Chinese Medicine","03jy32q83","TP","","Jiangxi University of Traditional Chinese Medicine"
"7192881","IMAG, CNRS Université de Montpellier","04kdfz702","FP_wrong","","Institut National des Sciences de l'Univers"
"7192881","Department of Mathematics, Faculty of Sciences Semlalia Cadi Ayyad University","04xf6nm78","TP","","Cadi Ayyad University"
"7192882","Mari State University","01yjw8d43","TP","","Mari State University"
"7192883","V. D. Kuznetsov Siberian Physical-Technical Institute at Tomsk State University","00ee40h97","FP_wrong","","The Barbara Ann Karmanos Cancer Institute"
"7192883","National Research Tomsk State University","02he2nc27","TP","","National Research Tomsk State University"
"7192883","Institute of High Current Electronics of the Siberian Branch of the Russian Academy of Sciences","05qrfxd25","TP","","Russian Academy of Sciences"
"7192883","Institute of Strength Physics and Materials Science of the Siberian Branch of the Russian Academy of Sciences","05qrfxd25","TP","","Russian Academy of Sciences"
"7192883","Tomsk State Architecture and Building University","01w423a47","TP","","Tomsk State University of Architecture and Building"
"7192884","Tomsk State University of Architecture and Building","01w423a47","TP","","Tomsk State University of Architecture and Building"
"7192885","The Institute of High Current Electronics of the Siberian Branch of the Russian Academy of Sciences","055fe2s59","TP","","Institute of High Current Electronics"
"7192885","The Institute of High Current Electronics of the Siberian Branch of the Russian Academy of Sciences","05qrfxd25","TP","","Russian Academy of Sciences"
"7192886","Institute of Strength Physics and Materials Science of the Siberian Branch of the Russian Academy of Sciences","05qrfxd25","TP","","Russian Academy of Sciences"
"7192886","National Research Tomsk State University","02he2nc27","TP","","National Research Tomsk State University"
"7192887","National Research Tomsk State University","02he2nc27","TP","","National Research Tomsk State University"
"7192887","Scientific-Research Institute of Pharmacology and Regenerative Medicine Named after E. D. Goldberg","03q0p7c86","FP_wrong","","Center of Regenerative Medicine in Barcelona"
"7192887","Siberian State Medical University","01yecy831","TP","","Siberian State Medical University"
"7192888","Yuri Gagarin State Technical University of Saratov","01qn0gc28","TP","","Yuri Gagarin State Technical University of Saratov"
"7192889","Institute of High Current Electronics of the Siberian Branch of the Russian Academy of Sciences","05qrfxd25","TP","","Russian Academy of Sciences"
"7192889","National Research Tomsk State University","02he2nc27","TP","","National Research Tomsk State University"
"7192890","National Research Tomsk Polytechnic University","02he2nc27","FP_wrong","","National Research Tomsk State University"
"7192890","Institute of High Current Electronics of the Siberian Branch of the Russian Academy of Sciences","05qrfxd25","TP","","Russian Academy of Sciences"
"7192891","Jilin University","00js3aw79","TP","","Jilin University"
"7192891","National Research Tomsk Polytechnic University","02he2nc27","FP_wrong","","National Research Tomsk State University"
"7192892","V. E. Zuev Institute of Atmospheric Optics of the Siberian Branch of the Russian Academy of Sciences","05qrfxd25","TP","","Russian Academy of Sciences"
"7192892","National Research Tomsk State University","02he2nc27","TP","","National Research Tomsk State University"
"7192893","P. N. Lebedev Physical Institute of the Russian Academy of Sciences","05qrfxd25","FP_wrong","","Russian Academy of Sciences"
"7192893","Kuban State University","01yqewm58","TP","","Kuban State University"
"7192894","Baku State University","054gw3b40","TP","","Baku State University"
"7192895","Al Farabi Kazakh National University, Ministry of Education and Science of the Republic of Kazakhstan","01tsqk383;03q0vrn42","FP_partial","","Almas Hospital;Al-Farabi Kazakh National University"
"7192895","V. G. Fesenkov Astrophysical Institute of the National Center for Space Research and Technology of the Aerospace Agency of the Ministry of Digital Development, Innovation and the Aerospace Industry of the Republic of Kazakhstan","05af1fm66;03b7q7m09;01rwphz66","FP_wrong","","National Academy of Sciences of the Republic of Kazakhstan;Paxta Ilmiy-innovasiya Markazi (Uzbekistan);National Centre for Antarctic and Ocean Research"
"7192896","M. V. Lomonosov Moscow State University","010pmpe69","TP","","Lomonosov Moscow State University"
"7192897","National Research Tomsk State University","02he2nc27","TP","","National Research Tomsk State University"
"7192897","Rzhanov Institute of Semiconductor Physics of the Siberian Branch of the Russian Academy of Sciences","05qrfxd25","TP","","Russian Academy of Sciences"
"7192898","Peter the Great Military Academy of Strategic Missile Forces","","FN","",""
"7192898","National Research Tomsk State University","02he2nc27","TP","","National Research Tomsk State University"
"7192899","Institute of Physical Materials Science of the Siberian Branch of the Russian Academy of Sciences","05qrfxd25","TP","","Russian Academy of Sciences"
"7192899","Buryat State University Named after Dorzhi Banzarov","00jzdyg03","FP_wrong","","Buryat State Academy of Agriculture"
"7192900","National Research Tomsk State University","02he2nc27","TP","","National Research Tomsk State University"
"7192901","Institute of Physics of the National Academy of Sciences","038mfx688","FP_wrong","","National Academy of Sciences"
"7192902","Fergana State University","0190ze463","TP","","Ferghana State University"
"7192902","Kokand State Pedagogical Institute","0362r6n51","TP","","Kokand State Pedagogical Institute named after Mukimi"
"7192903","JSC ``Scientific-Research Institute of Semiconductor Devices''","032btfw79","FP_wrong","","Ural Scientific Research Institute of Composite Materials"
"7192903","Tomsk State University of Control Systems and Radioelectronics","032j5hw78","TP","","Tomsk State University of Control Systems and Radio-Electronics"
"7192904","Kuban State University","01yqewm58","TP","","Kuban State University"
"7192905","Research Institute ``Nanotechnology and Nanomaterials'' at Tambov State University named after G. R. Derzhavin","05fzc8c45","TP","","Tambov State University"
"7192905","Tambov State Technical University","04wegbp55","TP","","Tambov State Technical University"
"7192906","National Research Tomsk State University","02he2nc27","TP","","National Research Tomsk State University"
"7192906","Intstitute of Strength Physics and Materials Science of the Siberian Branch of the Russian Academy of Sciences","05qrfxd25","TP","","Russian Academy of Sciences"
"7192908","School of Mathematics and Statistics, Wuhan University","033vjfk17","TP","","Wuhan University"
"7192908","Computational Science Hubei Key Laboratory, Wuhan University","033vjfk17","TP","","Wuhan University"
"7192908","Department of Statistics and Actuarial Science, University of Hong Kong","02zhqgq86","TP","","University of Hong Kong"
"7192909","NorthShore University HealthSystem","04tpp9d61","TP","","NorthShore University HealthSystem"
"7192909","Department of Mathematics, University of Texas at Austin","00hj54h04","TP","","The University of Texas at Austin"
"7192909","University of Louisville","01ckdn478","TP","","University of Louisville"
"7192910","University of Groningen","012p63287","TP","","University of Groningen"
"7192910","Middle East Technical University","014weej12","TP","","Middle East Technical University"
"7192911","School of Statistics, Jiangxi University of Finance and Economics","03efmyj29","TP","","Jiangxi University of Finance and Economics"
"7192911","Department of Statistics, University of California","00pjdza24","TP","","University of California System"
"7192911","Department of Statistics, University of Connecticut","021nv2831","TP","","University of Connecticut"
"7192912","Dipartimento di Economia e Impresa, Università di Catania","03a64bh57","TP","","University of Catania"
"7192912","Dipartimento di Discipline Matematiche, Finanza Matematica e Econometria, Università Cattolica del Sacro Cuore","03h7r5v07","TP","","Università Cattolica del Sacro Cuore"
"7192914","Department of Statistics, 390 Serra Mall, Stanford University","00f54p054","TP","","Stanford University"
"7192914","Department of Health Research and Policy, 150 Governor's Lane, HRP Redwood Building, Stanford University School of Medicine","011pcwc98","TP","","Stanford University School of Medicine"
"7192915","School of Management, Xi'an Jiaotong University, Center of Data Science and Information Quality","017zhmm22","TP","","Xi'an Jiaotong University"
"7192915","School of Statistics, Data Mining Center, Renmin University of China, Center for Applied Statistics","041pakw92","TP","","Renmin University of China"
"7192915","Department of Management Sciences, Tippie College of Business, The University of Iowa","036jqmy94","TP","","University of Iowa"
"7192915","Departments of Statistics and Operations Research, Genetics, and Biostatistics, Carolina Center for Genome Sciences, The University of North Carolina at Chapel Hill, Lineberger Comprehensive Cancer Center","0130frc33;043ehm030","FP_partial","","University of North Carolina at Chapel Hill;UNC Lineberger Comprehensive Cancer Center"
"7192916","CEMSE Division, King Abdullah University of Science and Technology","01q3tbs38","TP","","King Abdullah University of Science and Technology"
"7192916","Department of Mathematics and Statistics, Indian Institute of Technology","01kh5gc44","FP_wrong","","Indian Institute of Technology BHU"
"7192917","Department of Mathematical Sciences","","TN","",""
"7192917","Department of Statistics, Iowa State University","04rswrd78","TP","","Iowa State University"
"7192917","Department of Statistics, University of Nebraska‐Lincoln","043mer456","TP","","University of Nebraska–Lincoln"
"7192918","Department of Biostatistics, Harvard School of Public Health","03wevmz92","FP_wrong","","Harvard Medical School"
"7192918","Department of Biostatistics, The University of Texas MD Anderson Cancer Center","04twxam07","TP","","The University of Texas MD Anderson Cancer Center"
"7192919","Beijing Normal University‐Hong Kong Baptist University, United International College","000xs1x50;035713c15","FP_wrong","","Tusimple (United States);Koryo International College"
"7192919","Academy of Mathematics and Systems Science, Chinese Academy of Sciences","034t30j35","TP","","Chinese Academy of Sciences"
"7192919","School of Statistics and Management, Shanghai University of Finance and Economics","00wtvfq62","TP","","Shanghai University of Finance and Economics"
"7192919","Biostatistics Unit, U.S. Department of Veterans Affairs Seattle Medical Center","03gamv550","FP_wrong","","U.S. Committee for Refugees and Immigrants"
"7192919","Department of Biostatistics, University of Washington","00cvxb145","TP","","University of Washington"
"7192920","Department of Statistical Science, University College London","02jx3x895","TP","","University College London"
"7192921","Department of Management Science and Statistics, The University of Texas at San Antonio","01kd65564","TP","","The University of Texas at San Antonio"
"7192921","Department of Mathematics, University of Maryland","047s2c258","TP","","University of Maryland, College Park"
"7192922","Department of Mathematics and Statistics, Dalhousie University","01e6qks80","TP","","Dalhousie University"
"7192923","Department of Mathematics and Statistics, Memorial University","04haebc03","TP","","Memorial University of Newfoundland"
"7192923","Department of Community Health and Humanities, Memorial University","04haebc03","TP","","Memorial University of Newfoundland"
"7192924","Department of Mathematics and Statistics, Villanova University","02g7kd627","TP","","Villanova University"
"7192925","Department of Statistics & Applied Probability, National University of Singapore","01tgyzw49","TP","","National University of Singapore"
"7192925","Department of Mathematics, Southern University of Science and Technology, 1088 Xueyuan Avenue, Nanshan District, Shenzhen, Guangdong, China 518055, and Department of Mathematics & Statistics, University of Victoria","049tv2d57","TP","","Southern University of Science and Technology"
"7192925","Department of Mathematics, Southern University of Science and Technology, 1088 Xueyuan Avenue, Nanshan District, Shenzhen, Guangdong, China 518055, and Department of Mathematics & Statistics, University of Victoria","04s5mat29","TP","","University of Victoria"
"7192925","Department of Mathematics, Hong Kong University of Science and Technology","00q4vv597","TP","","Hong Kong University of Science and Technology"
"7192926","Department of Mathematics and Statistics, McGill University","01pxwe438","TP","","McGill University"
"7192926","Department of Statistics, University of British Columbia","03rmrcq20","TP","","University of British Columbia"
"7192927","Department of Statistics, University of Connecticut","021nv2831","TP","","University of Connecticut"
"7192927","Departamento de Estatistica, Universidade Estadual de Campinas","04wffgt70","TP","","Universidade Estadual de Campinas (UNICAMP)"
"7192928","Department of Statistics, Iowa State University","04rswrd78","TP","","Iowa State University"
"7192928","Graduate School of Engineering Science, Osaka University","035t8zc32","TP","","The University of Osaka"
"7192929","Department of Statistics, University of Missouri","02ymw8z06","TP","","University of Missouri"
"7192929","School of Mathematics, Center for Applied Statistical Research, Jilin University","00js3aw79","TP","","Jilin University"
"7192929","School of Mathematical Sciences, Capital Normal University","005edt527","TP","","Capital Normal University"
"7192929","Department of Mathematics and Statistics, University of North Carolina at Charlotte","04dawnj30","TP","","University of North Carolina at Charlotte"
"7192930","Department of Mathematics and Statistics, Loyola University Chicago","04b6x2g63","TP","","Loyola University Chicago"
"7192930","Department of Statistics, Miami University","05nbqxr67","TP","","Miami University"
"7192931","Department of Industrial Engineering and Operations Research, Columbia University","00hj8s172","TP","","Columbia University"
"7192931","Department of Molecular Oncology, BC Cancer Agency","03sfybe47","TP","","BC Cancer Agency"
"7192931","Department of Statistics, University of British Columbia","03rmrcq20","TP","","University of British Columbia"
"7192931","Department of Pathology and Laboratory Medicine, University of British Columbia","03rmrcq20","TP","","University of British Columbia"
"7192932","Department of Statistics, Lund University","012a77v79","TP","","Lund University"
"7192932","Centre for Mathematical Sciences, Lund University","012a77v79","TP","","Lund University"
"7192933","Department of Statistics, Iowa State University","04rswrd78","TP","","Iowa State University"
"7192933","Department of Statistics and Data Sciences, University of Texas","01gek1696","TP","","The University of Texas System"
"7192933","Department of Statistics, Seoul National University","04h9pn542","TP","","Seoul National University"
"7197902","Universität Augsburg","03p14d497","TP","","University of Augsburg"
"7197902","University of Warwick","01a77tt86","TP","","University of Warwick"
"7197902","Universität der Bundeswehr München","032000t02;00nmgny79","FP_wrong","","Universität Ulm;Bundeswehr"
"7197904","Department of Industrial Engineering Tel-Aviv University","04mhzgx49","TP","","Tel Aviv University"
"7197905","Department of Information Systems and Business Analytics Florida International University","02gz6gg07","TP","","Florida International University"
"7197906","Czech Technical University","03kqpb082","TP","","Czech Technical University in Prague"
"7197906","Sorbonne Université, CNRS, Laboratoire d’Informatique de Paris 6, LIP6","02en5vm52;00675rp98;05krcen59","FP_partial","","Centre National pour la Recherche Scientifique et Technique (CNRST);LIP6;Sorbonne Université"
"7197906","UPL, Université Paris Nanterre","013bkhk48","TP","","Université Paris Nanterre"
"7197908","Department of Industrial and Manufacturing Systems Engineering Iowa State University","04rswrd78","TP","","Iowa State University"
"7197909","School of Industrial Engineering and Management Oklahoma State University","01g9vbr38","TP","","Oklahoma State University"
"7197909","Department of Industrial Engineering and Operations Research University of California","00pjdza24","TP","","University of California System"
"7197910","Sheldon B. Lubar School of Business University of WisconsinMilwaukee","031q21x57","TP","","University of Wisconsin–Milwaukee"
"7197910","School of Management and Economics University of Electronic Science and Technology of China","04qr3zq92","TP","","University of Electronic Science and Technology of China"
"7197910","School of Management and Economics University of Electronic Science and Technology of China, Chengdu","04qr3zq92","TP","","University of Electronic Science and Technology of China"
"7197911","School of Economics and Management Fuzhou University","011xvna82","TP","","Fuzhou University"
"7197911","Department of Management Administration School of Management, Jinan University","04bgbsx11","TP","","Jinan University"
"7197912","Forecasting and Strategy Unit, School of Electrical and Computer Engineering National Technical University of Athens","03cx6bg69","TP","","National Technical University of Athens"
"7197912","Institute for the Future (IFF) University of Nicosia","04v18t651","TP","","University of Nicosia"
"7197913","CEMAPRE, ISEG University of Lisbon","03k2k6011","TP","","ISEG - Instituto Superior de Economia e Gestão"
"7197913","Departamento de Gestão, Escola de Economia e Gestão Universidade do Minho","037wpkx04","TP","","University of Minho"
"7197914","Newcastle Business School Northumbria University","049e6bc10","TP","","Northumbria University"
"7197914","Department of Production and Operations Management University of Graz","01faaaf77","TP","","University of Graz"
"7197914","Faculty of Economics and Management Otto-von-Guericke University Magdeburg","00ggpsq73","TP","","Otto-von-Guericke University Magdeburg"
"7197914","Kelley School of Business Indiana University","01kg8sb98","TP","","Indiana University"
"7197915","Australian National University","019wvm592","TP","","Australian National University"
"7197915","Defence Science and Technology Group","","FN","",""
"7197916","Operations Research and Industrial Engineering University of Texas at Austin","00hj54h04","TP","","The University of Texas at Austin"
"7197917","Department of Innovation and Technology Management Arabian Gulf University","04gd4wn47","TP","","Arabian Gulf University"
"7197918","Eindhoven University of Technology","02c2kyt77","TP","","Eindhoven University of Technology"
"7197918","Portsmouth Business School, Centre of Operations Research and Logistics (CORL) University of Portsmouth","03vsz6k78;03ykbk197","FP_partial","","University of Portsmouth;Corlife (Germany)"
"7197918","Department of Industrial Engineering Middle East Technical University","05vf56z40","FP_wrong","","University of Tehran"
"7197918","Ross School of Business University of Michigan","00jmfr291","TP","","University of Michigan"
"7197919","Industrial Engineering Department Tsinghua University","03cve4549","TP","","Tsinghua University"
"7197919","Energy Systems Engineering Erciyes University","047g8vk19","TP","","Erciyes University"
"7197919","Industrial and Systems Engineering Rutgers University","05vt9qd57","TP","","Rutgers, The State University of New Jersey"
"7197919","Center for Energy, Economic \& Environmental Policy Rutgers University","05vt9qd57","TP","","Rutgers, The State University of New Jersey"
"7197920","Indian Institute of Management Indore Information Systems","02nthw835","FP_wrong","","Indian Institute of Management Amritsar"
"7197920","Indian Institute of Management Lucknow IT \& Systems","05gfjrx96","TP","","Indian Institute of Management Lucknow"
"7197922","Hull University Business School","04nkhwh30","TP","","University of Hull"
"7197922","School of Business and Economics and Centre for Productivity and Performance Loughborough University","04vg4w365","TP","","Loughborough University"
"7197923","CIRRELT and Department of Mechanical, Industrial and Aerospace Engineering, Faculty of Engineering and Computer Science Concordia University","01qxhf360","TP","","Concordia University"
"7197923","Department of Statistics and Operations Research, Faculty of Mathematics University of Seville","03yxnpp24","TP","","Universidad de Sevilla"
"7197923","Institute of Mathematics of the University of Seville (IMUS)","03yxnpp24","TP","","Universidad de Sevilla"
"7197924","Consus Clinicmanagement GmbH","05jhdev04","FP_wrong","","Office of the Registrar General & Census Commissioner"
"7197924","University of Leipzig","03sswts20","FP_wrong","","University of Mobile"
"7197924","Leeds University Business School University of Leeds","05xvt9f17","FP_wrong","","Leiden University Medical Center"
"7197925","Université Paris Dauphine, PSL Research University, CNRS UMR[7243]","052bz7812;013cjyk83;00675rp98","FP_partial","","Centre National pour la Recherche Scientifique et Technique (CNRST);Université Paris Dauphine-PSL;Université Paris Sciences et Lettres"
"7197925","CNRS Université Paris Dauphine, PSL Research University, CNRS UMR[7243], Lamsade","00675rp98;052bz7812;013cjyk83;00675rp98","FP_partial","","Centre National pour la Recherche Scientifique et Technique (CNRST);Université Paris Dauphine-PSL;Université Paris Sciences et Lettres"
"7197926","Lancaster University Management School","03vpkt967","FP_wrong","","United Church of Christ"
"7197927","Cass Business School, City University of London","04489at23","TP","","City, University of London"
"7197927","Faculty of Mathematics, Physics and Informatics Comenius University in Bratislava Mlynská dolina","0587ef340","TP","","Comenius University Bratislava"
"7197928","School of Management and Economics University of Electronic Science and Technology of China","04qr3zq92","TP","","University of Electronic Science and Technology of China"
"7197928","School of Finance Shanghai University of Finance and Economics","00wtvfq62","TP","","Shanghai University of Finance and Economics"
"7197928","Shanghai Key Laboratory of Financial Information Technology School of Finance Shanghai University of Finance and Economics Shanghai Institute of International Finance and Economics","01geeh261;02y3wb057","FP_wrong","","Shanghai Finance University;Altai Economics and Law Institute"
"7197928","Economics and Management School Wuhan University","033vjfk17","TP","","Wuhan University"
"7197929","Department of Computer Science Palacký University","04qxnmv42","TP","","Palacký University Olomouc"
"7197931","Instituto de Ciencias Matemáticas CSIC‐UAM‐UC3M‐UCM, Ciudad Universitaria de Cantoblanco","05e9bn444","TP","","Institute of Mathematical Sciences"
"7197931","Departamento de Matemáticas, Universidad Autónoma de Madrid, Ciudad Universitaria de Cantoblanco","01cby8j38","TP","","Universidad Autónoma de Madrid"
"7197932","Escuela de Matemáticas, Universidad Nacional de Colombia","059yx9a68","TP","","Universidad Nacional de Colombia"
"7197932","Facultad de Matemáticas, Pontificia Universidad Católica de Chile","04teye511","TP","","Pontificia Universidad Católica de Chile"
"7197932","Departamento de Matemáticas, Universidad del Cauca","04fybn584","TP","","University of Cauca"
"7197933","KU Eichstätt–Ingolstadt, Mathematisch–Geographische Fakultät, Ostenstraße 26, Kollegiengebäude I Bau B","036c9yv20","FP_wrong","","University of Kansas Medical Center"
"7197933","Technical University of Denmark, DTU Compute","04qtj9h94","TP","","Technical University of Denmark"
"7197934","Department of Mathematics, Stat. and Comp.Sci., University of Illinois Chicago","02mpq6x41","TP","","University of Illinois Chicago"
"7197935","Department of Mathematics, Northwestern University","000e0be47","TP","","Northwestern University"
"7197937","Department of Mathematics, University of Delhi","04gzb2213","TP","","University of Delhi"
"7197937","School of Physical Sciences, Jawaharlal Nehru University","0567v8t28","TP","","Jawaharlal Nehru University"
"7197938","University of Warsaw, Faculty of Mathematics, Informatics and Mechanics","039bjqg32","TP","","University of Warsaw"
"7197938","Université Côte d'Azur","019tgvf94","TP","","Université Côte d'Azur"
"7197939","Discipline of Mathematics, Indian Institute of Technology Indore","01hhf7w52","TP","","Indian Institute of Technology Indore"
"7197940","Goethe‐Universität Frankfurt, FB Informatik und Mathematik","04cvxnb49","TP","","Goethe University Frankfurt"
"7197940","Universitat Jaume I, Campus de Riu Sec, Departamento de Matemáticas & Institut Universitari de Matemàtiques i Aplicacions de Castelló","02ws1xc11;03302rx63","FP_partial","","Universitat Jaume I;Centro de Estatística e Aplicações"
"7197940","Universität Osnabrück, FB Mathematik/Informatik","04qmmjx98","TP","","Osnabrück University"
"7197941","Stefan cel Mare University of Suceava, Faculty of Electrical Engineering and Computer Science;, Integrated Center for Research, Development and Innovation in Advanced Materials, Nanotechnologies, and Distributed Systems for Fabrication and Control (MANSiD), Universitatii 13 ‐","035pkj773;00q3fka24","FP_partial","","Ştefan cel Mare University of Suceava;Altairnano (United States)"
"7197942","Department of Mathematics, Pedagogical University of Cracow","030mz2444","TP","","Uniwersytet Komisji Edukacji Narodowej w Krakowie"
"7197943","Kh A. Yassawi International Kazakh–Turkish University","","TN","",""
"7197944","Department of Mathematics, Southwest University","01kj4z117","TP","","Southwest University"
"7197944","CNRS, LAMA 8050, Laboratoire d'Analyse et de Mathématiques Appliquées, Université Paris‐Est Créteil","00675rp98;05ggc9x40","FP_partial","","Centre National pour la Recherche Scientifique et Technique (CNRST);Université Paris-Est Créteil"
"7197982","Mathematics and Operational Research Department University of Mons","02qnnz951","TP","","University of Mons"
"7197982","University of Lille Inria Lille - Nord Europe","03btvgn05","TP","","Université Lille Nord de France"
"7197983","Department of Geography University of California at Santa Barbara","02t274463","TP","","University of California, Santa Barbara"
"7197984","Katz Graduate School of Business, Mervis Hall University of Pittsburgh","04zj6ee21","FP_wrong","","MeVis Medical Solutions (Germany)"
"7197984","School of Business, Snead Hall Virginia Commonwealth University","0184n5y84","FP_wrong","","University of Iowa Stead Family Children’s Hospital"
"7197984","Mendoza College of Business University of Notre Dame","00mkhxb43","TP","","University of Notre Dame"
"7197985","Department of Mathematics ITAM - Instituto Tecnológico Autónomo de México","029md1766","TP","","Instituto Tecnológico Autónomo de México"
"7197985","Research Center of Physics and Mathematics Universidad Autónomo de Nuevo Léon","01fh86n78","TP","","Universidad Autónoma de Nuevo León"
"7197985","Escuela de Ingeniería y Ciencias Tecnológico de Monterrey","03ayjn504","TP","","Tecnológico de Monterrey"
"7197986","Canada Excellence Research Chair in ``Data Science for Real-time Decision-making'', Department of Mathematics and Industrial Engineering - École Polytechnique de Montréal","05f8d4e86","TP","","Polytechnique Montréal"
"7197986","Singapore-MIT Alliance for Research and Technology (SMART)","05yb3w112","TP","","Singapore-MIT Alliance for Research and Technology"
"7197987","Department of Business Informatics and Operations Management, Faculty of Economics and Business Administration Universiteit Gent","00cv9y106","TP","","Ghent University"
"7197987","Department of Experimental Psychology University College London","02jx3x895","TP","","University College London"
"7197988","Engineering Research Center for Metallurgical Automation and Measurement Technology of Ministry of Education Wuhan University of Science and Technology","00e4hrk88","TP","","Wuhan University of Science and Technology"
"7197988","Industrial Engineering Department Balikesir University","02tv7db43","TP","","Balıkesir University"
"7197988","Key Laboratory of Metallurgical Equipment and Control Technology of Ministry of Education Wuhan University of Science and Technology","00e4hrk88","TP","","Wuhan University of Science and Technology"
"7197989","CIRRELT and Université Laval","04sjchr03","TP","","Université Laval"
"7197989","Canada Research Chair in Integrated Logistics","","TN","",""
"7197990","KU Leuven Department of Mathematics","05f950310","TP","","KU Leuven"
"7197990","KU Leuven Faculty of Economics and Business","05f950310","TP","","KU Leuven"
"7197990","University of Southampton School of Management","01ryk1543","TP","","University of Southampton"
"7197991","Department of Operations and Information Management, Isenberg school of management University of Massachusetts Amherst","03e269852","FP_wrong","","Donetsk State University of Management"
"7197991","Department of Marketing, Quantitative Analysis and Business Law, College of business Mississippi State University","0432jq872","TP","","Mississippi State University"
"7197992","School of Management Shandong University","0207yh398","TP","","Shandong University"
"7197992","School of Management University of Science and Technology of China","018wg9441","FP_wrong","","Hubei University of Science and Technology"
"7197993","Lancaster University Management School","03vpkt967","FP_wrong","","United Church of Christ"
"7197993","Hull University Business School University of Hull","01b11x021","FP_wrong","","Hull and East Yorkshire Hospitals NHS Trust"
"7197994","Samuel Curtis Johnson Graduate School of Management Cornell University","05bnh6r87","TP","","Cornell University"
"7197994","College of Business San Jose State University","04qyvz380","TP","","San Jose State University"
"7197994","School of Statistics Southwestern University of Finance and Economics","04ewct822","TP","","Southwestern University of Finance and Economics"
"7197995","Kedge Business School, Economics and Finance Rue Antoine Bourdelle","","FN","",""
"7197995",">University of Wiena Oskar-Morgenstern-Platz 1","03prydq77","TP","","University of Vienna"
"7197995","Tilburg University","04b8v1s79","TP","","Tilburg University"
"7197996","Institut de Statistique, Biostatistique et Sciences Actuarielles Université Catholique de Louvain","02495e989","TP","","UCLouvain"
"7197996","School of Economics and Centre for Efficiency and Productivity Analysis (CEPA) University of Queensland","00rqy9422","TP","","The University of Queensland"
"7197997","CEG-IST, Instituto Superior Técnico, Universidade de Lisboa","05dx9nr48","FP_wrong","","Centro de Filosofia"
"7197997","CERIS, Instituto Superior Técnico, Universidade de Lisboa","05dx9nr48","FP_wrong","","Centro de Filosofia"
"7197998","School of Management University of Liverpool","04xs57h96","TP","","University of Liverpool"
"7197998","School of Economics and Management Nanjing University of Science and Technology","00xp9wg62","TP","","Nanjing University of Science and Technology"
"7197998","Business School Beijing Institute of Fashion Technology","03hgxtg28","TP","","Beijing Institute of Fashion Technology"
"7197998","Business Division, ITC The Hong Kong Polytechnic University","04qq4mg80","FP_wrong","","ITC (India)"
"7197999","Department of Information and Service Management, Aalto University School of Business","027thw408","FP_wrong","","Palo Alto Unified School District"
"7198000","KU Leuven, Department of Computer Science","05f950310","TP","","KU Leuven"
"7198001","Departamento de Estadística e Investigación Operativa, Universidad de Murcia.","03p3aeb86","TP","","Universidad de Murcia"
"7198001","Economics, Society and Territory (ECOSOT) and Departamento de Estatística e IO. Universidade de Vigo.","05rdf8595","TP","","Universidade de Vigo"
"7198001","I.U. Centro de Investigación Operativa (CIO), Universidad Miguel Hernández de Elche","01azzms13","TP","","Universitat de Miguel Hernández d'Elx"
"7198002","Operations Research and Financial Engineering Department Princeton University","00hx57361","TP","","Princeton University"
"7198003","Department of Mechanical and Industrial Engineering University of Massachusetts","04ydmy275","FP_wrong","","University of Massachusetts Boston"
"7198003","Department of Economics, Bocconi University, and RFF-CMCC European Institute on Economics and the Environment (EIEE)","05crjpb27","TP","","Bocconi University"
"7198003","Department of Economics, Bocconi University, and RFF-CMCC European Institute on Economics and the Environment (EIEE)","00pdj1108","TP","","RFF-CMCC European Institute on Economics and the Environment"
"7198003","Department of Mathematics and Systems Analysis Aalto University","020hwjq30","TP","","Aalto University"
"7198004","Information Systems Department, School of Business and Economics Freie Universität Berlin","046ak2485","TP","","Freie Universität Berlin"
"7198004","Centre for Management Studies, Instituto Superior Técnico University of Lisbon","05ngwf943","FP_wrong","","Instituto Superior Técnico Biblioteca"
"7198005","Department of Computer and Systems Sciences Stockholm University","05f0yaq80","TP","","Stockholm University"
"7198005","Systems Analysis Laboratory, Department of Mathematics and Systems Analysis, School of Science Aalto University","020hwjq30","TP","","Aalto University"
"7198005","Department of Decision Sciences HEC Montréal","05ww3wq27","TP","","HEC Montréal"
"7198005","Department of Statistical Science University College London","02jx3x895","TP","","University College London"
"7198006","Department of Economics and Business University of Catania","03a64bh57","TP","","University of Catania"
"7198006","University of Belgrade - Faculty of Economics","05fsyf340","FP_wrong","","University of Belgrade – Faculty of Law"
"7198007","Department of Decision Sciences Bocconi University","05crjpb27","TP","","Bocconi University"
"7198007","Department of Statistics, Informatics, Applications University of Florence","009r6as98","FP_wrong","","Technology Applications (United States)"
"7198007","Department of Economics and Management University of Pisa","03ad39j10","TP","","University of Pisa"
"7198008","Department of Electric Power Engineering Norwegian University of Science and Technology","05xg72x27","TP","","Norwegian University of Science and Technology"
"7198009","Graduate School of Business Administration Hosei University","00bx6dj65","TP","","Hosei University"
"7198009","Graduate School of Economics The University of Tokyo","057zh3y96","TP","","The University of Tokyo"
"7198035","School of Mathematics and Statistics, Xi’an Jiaotong University, Xi’an","017zhmm22","TP","","Xi'an Jiaotong University"
"7198035","School of Statistics, Beijing Normal University","022k4wk35","TP","","Beijing Normal University"
"7198035","Department of Bioinformatics and Biostatistics, Shanghai Jiao Tong University","0220qvk04","TP","","Shanghai Jiao Tong University"
"7198035","MoE Key Lab of Artificial Intelligence, Shanghai Jiao Tong University","0220qvk04","TP","","Shanghai Jiao Tong University"
"7198035","Department of Mathematics, Hong Kong Baptist University","0145fw131","TP","","Hong Kong Baptist University"
"7198036","Ira A. Fulton Schools of Engineering, Arizona State University","03efmqc40","TP","","Arizona State University"
"7198036","Department of Statistics, Arizona State University","03efmqc40","TP","","Arizona State University"
"7198037","Department of Applied Statistics, Konkuk University","025h1m602","TP","","Konkuk University"
"7198037","Department of Statistics, Dongguk University-Seoul","057q6n778","TP","","Dongguk University"
"7198038","Department of Statistics, University of California Santa Cruz","03s65by71","TP","","University of California, Santa Cruz"
"7198039","Institute of Stochastics, Karlsruhe Institute of Technology (KIT)","04t3en479","TP","","Karlsruhe Institute of Technology"
"7198041","Department of Statistics, University of Connecticut","021nv2831","TP","","University of Connecticut"
"7198041","School of Basic Science, Changchun University of Technology","052pakb34","TP","","Changchun University of Technology"
"7198042","Department of Applied Mathematics and Statistics, University of São Paulo","036rp1748","TP","","Universidade de São Paulo"
"7198043","Methodology and Statistics, Social and Behavioral Sciences, Utrecht University","04pp8hn57","TP","","Utrecht University"
"7198044","Florida State University","05g3dte14","TP","","Florida State University"
"7198045","Department of Statistics, Seoul National University","04h9pn542","TP","","Seoul National University"
"7198046","School of Basic Science, Changchun University of Technology","052pakb34","TP","","Changchun University of Technology"
"7198046","Department of Statistics, University of Connecticut","021nv2831","TP","","University of Connecticut"
"7198047","University of Calcutta","01e7v7w47","TP","","University of Calcutta"
"7198047","Indian Statistical Institute","00q2w1j53","TP","","Indian Statistical Institute"
"7198048","College of Applied Sciences, Beijing University of Technology","037b1pp87","TP","","Beijing University of Technology"
"7198049","Kyungpook National University, Yonsei University","040c17130","TP","","Kyungpook National University"
"7198050","Kyungpook National University, Yonsei University","01wjejq96","TP","","Yonsei University"
"7198054","Department of Statistics, Chonnam National University","05kzjxq56","TP","","Chonnam National University"
"7198055","Department of Statistics and Institute of Statistics, Hallym University","03sbhge02","TP","","Hallym University"
"7198058","Department of Informatics, Technische Universität München, Boltzmannstr. 3","02kkvpp62","TP","","Technical University of Munich"
"7198058","Dipartimento di Elettronica, Informazione e Bioingegneria, Politecnico di Milano","01nffqt88","TP","","Politecnico di Milano"
"7198059","Department of Mathematics, Thiruvalluvar University","0255nn983","TP","","Thiruvalluvar University"
"7198059","Department of Electrical and Electronics Engineering","","TN","",""
"7198059","School of IT Information and Control Engineering, Kunsan National University","02yj55q56","TP","","Kunsan National University"
"7198060","Univ. Grenoble Alpes, CNRS, Grenoble INP, LJK","01wzvw032;00675rp98;05sbt2524;04ett5b41","FP_partial","","Université de Valenciennes et du Hainaut-Cambrésis;Centre National pour la Recherche Scientifique et Technique (CNRST);Institut polytechnique de Grenoble;Laboratoire Jean Kuntzmann"
"7198060","Univ. Grenoble Alpes, CNRS, Grenoble, INP, GIPSA-lab","01wzvw032;00675rp98;03c2nxn64","FP_wrong","","Centre National pour la Recherche Scientifique et Technique (CNRST);Institut national du patrimoine;Université de Valenciennes et du Hainaut-Cambrésis"
"7198061","XLIM UMR-CNRS 7252, Université de Limoges","02cp04407","TP","","Université de Limoges"
"7198061","Laboratoire LMPEA, Université de Jijel","0546v5182","FP_partial","","Université de Lille"
"7198062","RIT Croatia, Don Frana Bulića 6","03jgxzm03","TP","","Rochester Institute of Technology Croatia"
"7198063","School of Mathematics and Statistics, Xidian University","05s92vm98","TP","","Xidian University"
"7198064","School of Information Science and Technology, Zhejiang Sci-Tech University","03893we55","TP","","Zhejiang Sci-Tech University"
"7198064","Shanghai Key Laboratory of Trustworthy Computing, East China Normal University","","FN","",""
"7198064","State Key Laboratory for Novel Software Technology, Nanjing University","01rxvg760","TP","","Nanjing University"
"7198065","Department of Information Engineering, Computer Science and Mathematics (DISIM), Center of Excellence DEWS, University of L’Aquila","01j9p1r26","TP","","University of L'Aquila"
"7198066","School of Mathematics and Big Data, Foshan University","02xvvvp28","TP","","Foshan University"
"7198066","School of Automation Science and Engineering, South China University of Technology","0530pts50","TP","","South China University of Technology"
"7198066","School of Computer and Electronic Information, Guangdong University of Petrochemical Technology","030ffke25","TP","","Guangdong University of Petrochemical Technology"
"7198067","Department of Mathematics, Baylor University","5781934","TP","","Baylor University"
"7198067","Department of Mathematics, University of Louisville","01ckdn478","TP","","University of Louisville"
"7198068","The Key Laboratory of System Control and Information Processing, Ministry of Education of China","","TN","",""
"7198068","School of Astronautics, Harbin Institute of Technology","01yqg2h08","TP","","Harbin Institute of Technology"
"7198068","Shenzhen Aerospace Dongfanghong HIT Satellite Company Ltd","00xh1ex65","FP_wrong","","Harbin Huade University"
"7198070","School of Mathematics, Southeast University","00cf0ab87","FP_wrong","","Southeast University"
"7198070","Key Laboratory of Image Processing and Intelligent Control, Ministry of Education, School of Artificial Intelligence and Automation, Huazhong University of Science and Technology","00p991c53","TP","","Huazhong University of Science and Technology"
"7198070","Hubei Provincial Collaborative Innovation Center for New Energy Microgrid, China Three Gorges University","0419nfc77","TP","","China Three Gorges University"
"7198071","Kansas State University","05p1j8758","TP","","Kansas State University"
"7198071","IST Austria, Am Campus 1","03gnh5541","TP","","Institute of Science and Technology Austria"
"7198072","Department of Mathematics, Universidad Nacional de La Plata","01tjs6929","TP","","Universidad Nacional de La Plata"
"7198072","Instituto de Ciencias Matemáticas, Consejo Superior de Investigaciones Científicas","02gfc7t72","TP","","Consejo Superior de Investigaciones Científicas"
"7198073","Department of Electrical and Computer Engineering, UCLA","03qgg3111","FP_wrong","","Universidad Centroccidental Lisandro Alvarado"
"7198073","ICTEAM, Université catholique de Louvain","02495e989","TP","","UCLouvain"
"7198074","Institute of Systems Science, Academy of Mathematics and Systems Science, Chinese Academy of Sciences","034t30j35","TP","","Chinese Academy of Sciences"
"7198074","School of Mathematics and Statistics, Shandong Normal University","01wy3h363","TP","","Shandong Normal University"
"7198074","School of Mathematics, Shandong University","0207yh398","TP","","Shandong University"
"7198075","Department of Computer Science, Aalborg University","04m5j1k67","TP","","Aalborg University"
"7198075","LSV, CNRS, INRIA, ENS Paris-Saclay","00675rp98;02kvxyf05;05a0dhs15","FP_partial","","Centre National pour la Recherche Scientifique et Technique (CNRST);Institut national de recherche en sciences et technologies du numérique;École Normale Supérieure - PSL"
"7198075","Albert Einstein College of Medicine, Block Research Pavilion, Department of Systems and Computational Biology","","FN","",""
"7198075","Department of Electronic Systems, Automation and Control, Aalborg University","04m5j1k67","TP","","Aalborg University"
"7198076","Department of Information Technology, Hunan Women’s University","032bw1116","TP","","Hunan Women'S University"
"7198076","School of Mathematics and Statistics, Changsha University of Science and Technology","03yph8055","TP","","Changsha University of Science and Technology"
"7198076","School of Mathematics and Computational Science, Hunan First Normal University","00s9d1a36","TP","","Hunan First Normal University"
"7198077","Key Laboratory of Advanced Control and Optimization for Chemical Process (East China University of Science and Technology), Ministry of Education","01vyrm377","TP","","East China University of Science and Technology"
"7198078","School of Mathematics, Statistics and Applied Mathematics, National University of Ireland","00shsf120","TP","","National University of Ireland"
"7198079","Department of Physical and Mathematical Sciences, Autonomous University of Nuevo Leon","01fh86n78","TP","","Universidad Autónoma de Nuevo León"
"7198079","Department of Informatics, King’s College London","0220mzb33","TP","","King's College London"
"7198079","ITMO University","04txgxn49","TP","","ITMO University"
"7198079","College of Mechanical Engineering and Automation, Huaqiao University","03frdh605","TP","","Huaqiao University"
"7198079","Fujian Provincial Key Laboratory of Information Processing and Intelligent Control, Minjiang University","00s7tkw17","TP","","Minjiang University"
"7198080","Department of Electrical and Computer Engineering, University of California","00pjdza24","TP","","University of California System"
"7198081","State Key Laboratory of Synthetical Automation for Process Industries, Northeastern University","04t5xt781","FP_wrong","","Northeastern University"
"7198081","College of Information Science and Engineering, Northeastern University","04t5xt781","FP_wrong","","Northeastern University"
"7198082","Institute of Complexity Science, Qingdao University","021cj6z65","TP","","Qingdao University"
"7198082","School of Astronautics, Northwestern Polytechnical University","01y0j0j86","TP","","Northwestern Polytechnical University"
"7198082","School of Mathematics, Southeast University","00cf0ab87","FP_wrong","","Southeast University"
"7198082","NAAM Research Group, Department of Mathematics, Faculty of Science, King Abdulaziz University","02ma4wv74","TP","","King Abdulaziz University"
"7198083","College of Automation Engineering, Nanjing University of Aeronautics and Astronautics","01scyh794","TP","","Nanjing University of Aeronautics and Astronautics"
"7198083","Department of Mathematics and Computer Science, Shanxi Normal University","03zd3ta61","TP","","Shanxi Normal University"
"7198084","Department of Information Engineering, Computer Science and Mathematics, Center of Excellence DEWS, University of L’Aquila","01j9p1r26","TP","","University of L'Aquila"
"7198085","Department of Electrical and Computer Engineering, University of Auckland","03b94tp07","TP","","University of Auckland"
"7198087","Department of Electrical and Electronics Engineering, Shiraz University of Technology","04bxa3v83","TP","","Shiraz University of Technology"
"7198088","Mathematics and Computer Science, Shanxi Datong University","03s8xc553","TP","","Shanxi Datong University"
"7198088","College of Mathematics and Systems Science, Shandong University of Science and Technology","0207yh398","FP_wrong","","Shandong University"
"7198088","School of Information and Control Engineering, Qingdao University of Technology","01qzc0f54","TP","","Qingdao University of Technology"
"7198088","School of Mathematical Sciences, Liaocheng University","03yh0n709","TP","","Liaocheng University"
"7198088","College of Electrical Engineering and Automation, Shandong University of Science and Technology","04gtjhw98","TP","","Shandong University of Science and Technology"
"7198089","Key Laboratory of Intelligent Control and Optimization for Industrial Equipment of Ministry of Education, Dalian University of Technology","023hj5876","TP","","Dalian University of Technology"
"7198090","Intel Tecnología de México, Intel Labs","015nj5y87;027t2s119","FP_wrong","","Instituto de Tecnologia e Liderança;Intel (Israel)"
"7198090","Tecnologico de Monterrey, Escuela de Ingeniería y Ciencias","03ayjn504","TP","","Tecnológico de Monterrey"
"7198090","CINVESTAV, Unidad Guadalajara","009eqmr18;01bcvhf32","FP_wrong","","Centro de Investigación y de Estudios Avanzados del Instituto Politécnico Nacional;Unidade Local de Saúde da Guarda EPE"
"7198091","College of Mathematics, and Computer Science, Zhejiang Normal University","01vevwk45","TP","","Zhejiang Normal University"
"7198091","Department of Mathematics, Southeast University","00cf0ab87","FP_wrong","","Southeast University"
"7198091","College of Mathematics and Systems Science, Shandong University of Science and Technology","04gtjhw98","TP","","Shandong University of Science and Technology"
"7198092","“Broadband Wireless Communication and Sensor Network Technology” Key Lab of Ministry of Education, Nanjing University of Posts and Telecommunications","043bpky34","TP","","Nanjing University of Posts and Telecommunications"
"7198092","School of Mathematics, Liaoning University","03xpwj629","TP","","Liaoning University"
"7198092","“Telecommunication and Networks” National Engineering Research Center, Nanjing University of Posts and Telecommunications","043bpky34","TP","","Nanjing University of Posts and Telecommunications"
"7198093","College of Mathematics and Informatics \& FJKLMAA, Fujian Normal University","020azk594","TP","","Fujian Normal University"
"7198093","School of Management, Guangzhou University","05ar8rn06","TP","","Guangzhou University"
"7198093","College of Transportation Engineering, Dalian Maritime University","002b7nr53","TP","","Dalian Maritime University"
"7198093","Department of Applied Mathematics, School of Science, Dalian Maritime University","002b7nr53","TP","","Dalian Maritime University"
"7198093","Teaching and Research Office of Mathematics, Department of Basics, PLA Dalian Naval Academy","014c1mf08","TP","","Dalian Naval Academy"
"7198094","Department of Computer Science, University of Colorado Boulder","02ttsq026","TP","","University of Colorado Boulder"
"7198094","Department of Computer Science, Ludwig Maximilian University of Munich","05591te55","TP","","Ludwig-Maximilians-Universität München"
"7198094","School of Computing, Newcastle University","01kj2bm70","TP","","Newcastle University"
"7198095","National \& Local Joint Engineering Laboratory of Intelligent Transmission and Control Technology (Chongqing), College of Electronic and Information Engineering, Southwest University","01kj4z117","TP","","Southwest University"
"7198095","Department of Computer Science, Chongqing University of Education","02d06s578","TP","","Chongqing University of Education"
"7198096","Department of Electrical and Systems Engineering, University of Pennsylvania","00b30xv10","TP","","University of Pennsylvania"
"7198096","Department of Information Engineering, Computer Science and Mathematics, Università degli Studi dell’Aquila, L’Aquila","01j9p1r26","TP","","University of L'Aquila"
"7198097","School of Mathematics Sciences, University of Electronic Science and Technology of China","04qr3zq92","TP","","University of Electronic Science and Technology of China"
"7198097","School of Aeronautics and Astronautics, University of Electronic Science and Technology of China","04qr3zq92","TP","","University of Electronic Science and Technology of China"
"7198097","Institute of Electronic and Information Engineering of UESTC in Guangdong","009pwww24","FP_wrong","","IFlyTek (China)"
"7198097","School of Information Science and Engineering, Chengdu University","034z67559","TP","","Chengdu University"
"7198098","Department of Mathematics, Yangzhou University","03tqb8s11","TP","","Yangzhou University"
"7198098","Department of Applied Mathematics, Bharathiar University","04fht8c22","TP","","Bharathiar University"
"7198098","Department of Electrical and Computer Engineering, Faculty of Engineering, King Abdulaziz University","02ma4wv74","TP","","King Abdulaziz University"
"7198099","School of Mathematics, Southeast University","00cf0ab87","FP_wrong","","Southeast University"
"7198099","Delft Center for Systems and Control, Technische Universiteit Delft (TU Delft)","02e2c7k09","TP","","Delft University of Technology"
"7198099","Robotics Research Centre, International Institute of Information Technology Hyderabad","05f11g639","TP","","International Institute of Information Technology, Hyderabad"
"7198187","Department of Electrical Engineering, Zanjan Branch, Islamic Azad University","02558wk32","FP_wrong","","Islamic Azad University, Arak"
"7198187","Advanced Control Systems Lab, Electrical Engineering Department, Sharif University of Technology","024c2fq17","TP","","Sharif University of Technology"
"7198187","School of Automation, Huazhong University of Science and Technology","00p991c53","TP","","Huazhong University of Science and Technology"
"7198188","School of Transportation and Logistics, Southwest Jiaotong University","00hn7w693","TP","","Southwest Jiaotong University"
"7198188","Department of Electrical Engineering and Computer Sciences, Vanderbilt University","02vm5rt34","TP","","Vanderbilt University"
"7198188","School of Electronic Engineering, University of Electronic Science and Technology of China","04qr3zq92","TP","","University of Electronic Science and Technology of China"
"7198189","Department of Electrical Engineering, University of Technology","03gbw6p94","FP_partial","","University of Technology"
"7198190","Key Laboratory of Advanced Process Control for Light Industry (Ministry of Education), School of Internet of Things Engineering, Jiangnan University","04mkzax54","TP","","Jiangnan University"
"7198190","Department of Design, Manufacture and Engineering Management, Space Mechatronic Systems Technology Laboratory, Strathclyde Space Institute, University of Strathclyde","00n3w3b69","TP","","University of Strathclyde"
"7198190","College of Automation and Electronic Engineering, Qingdao University of Science and Technology","041j8js14","TP","","Qingdao University of Science and Technology"
"7198190","Department of Mathematics, King Abdulaziz University","02ma4wv74","TP","","King Abdulaziz University"
"7198191","College of Information Engineering, Zhejiang University of Technology","02djqfd08","TP","","Zhejiang University of Technology"
"7198192","Department of Industrial Engineering and Design, Universitat Jaume I","02ws1xc11","TP","","Universitat Jaume I"
"7198194","School of Automation, China University of Geosciences","04gcegc37","TP","","China University of Geosciences"
"7198194","Center for Control Theory and Guidance Technology, Harbin Institute of Technology","01yqg2h08","TP","","Harbin Institute of Technology"
"7198194","School of Information Science and Engineering, Central South University","00f1zfq44","TP","","Central South University"
"7198194","Hubei Key Laboratory of Advanced Control and Intelligent Automation for Complex Systems","","TN","",""
"7198195","Department of Electronic Engineering, Keimyung University","00tjv0s33","TP","","Keimyung University"
"7198195","School of Electronics Engineering, Kyungpook National University","040c17130","TP","","Kyungpook National University"
"7198196","Department of Mechanical Engineering, Politecnico di Milano","01nffqt88","TP","","Politecnico di Milano"
"7198196","Department of Mathematics, Harbin Institute of Technology (Weihai)","01yqg2h08","TP","","Harbin Institute of Technology"
"7198196","School of Electronic and Information Engineering, Suzhou University of Science and Technology","04en8wb91","TP","","Suzhou University of Science and Technology"
"7198196","Suzhou Key Laboratory for Big Data and Information Service, Suzhou","","TN","",""
"7198197","CAS Key Laboratory of Technology in Geo‐spatial Information Processing and Application System, University of Science and Technology of China","04c4dkn09","TP","","University of Science and Technology of China"
"7198197","Department of Automation, University of Science and Technology of China","04c4dkn09","TP","","University of Science and Technology of China"
"7198199","Center for Information Engineering Science Research, Xi'an Jiaotong University","017zhmm22","TP","","Xi'an Jiaotong University"
"7198199","Institute of Systems Science and Control Engineering, School of Automation, Hangzhou Dianzi University","0576gt767","TP","","Hangzhou Dianzi University"
"7198199","Department of Computer Science and Technology, Tsinghua University","03cve4549","TP","","Tsinghua University"
"7198200","College of Automation Engineering, Nanjing University of Aeronautics and Astronautics","01scyh794","TP","","Nanjing University of Aeronautics and Astronautics"
"7198201","College of Automation and Electronic Engineering, Qingdao University of Science and Technology","041j8js14","TP","","Qingdao University of Science and Technology"
"7198201","Nonlinear Analysis and Applied Mathematics (NAAM) Research Group, Department of Mathematics, Faculty of Science, King Abdulaziz University","02ma4wv74","TP","","King Abdulaziz University"
"7198201","Key Laboratory of Advanced Process Control for Light Industry (Ministry of Education), School of Internet of Things Engineering, Jiangnan University","04mkzax54","TP","","Jiangnan University"
"7198202","Faculty of Electrical Engineering, Shahid Beheshti University","0091vmj44","TP","","Shahid Beheshti University"
"7198204","School of Electrical Engineering and Automation, Qufu Normal University","03ceheh96","TP","","Qufu Normal University"
"7198204","School of Automation, Nanjing University of Science and Technology","00xp9wg62","TP","","Nanjing University of Science and Technology"
"7198204","School of Electronic and Information Engineering, Suzhou University of Science and Technology","04en8wb91","TP","","Suzhou University of Science and Technology"
"7198205","Graduate Program in Electrical Engineering, Federal University of Minas Gerais","0176yjw32","TP","","Universidade Federal de Minas Gerais"
"7198205","Department of Electronics Engineering, Federal University of Minas Gerais","0176yjw32","TP","","Universidade Federal de Minas Gerais"
"7198205","Federal University of Itajubá, Rua Irmã Ivone Drumond","00235nr42","TP","","Universidade Federal de Itajubá"
"7198206","Institute of Electrical Engineering, Yanshan University","02txfnf15","TP","","Yanshan University"
"7198207","Dalian Maritime University","002b7nr53","TP","","Dalian Maritime University"
"7198207","Information Computing Science, Liaoning University of Technology","05ay23762","TP","","Liaoning University of Technology"
"7198207","The State Key Laboratory of Management and Control for Complex Systems, Institute of Automation, Chinese Academy of Sciences","034t30j35","TP","","Chinese Academy of Sciences"
"7198207","Computer and Information Science, University of Macau","01r4q9n85","TP","","University of Macau"
"7198208","School of Information Science and Engineering, Central South University","00f1zfq44","TP","","Central South University"
"7198209","College of Automation Engineering, Nanjing University of Aeronautics and Astronautics","01scyh794","TP","","Nanjing University of Aeronautics and Astronautics"
"7198210","Department of Electrical Engineering, Indian Institute of Technology Delhi","049tgcd06","TP","","Indian Institute of Technology Delhi"
"7198211","School of Science, Yanshan University","02txfnf15","TP","","Yanshan University"
"7198211","School of Electric Engineering, Yanshan University","02txfnf15","TP","","Yanshan University"
"7198211","School of Electrical Engineering and Automation, Tianjin University","012tb2g32","TP","","Tianjin University"
"7198212","Department of Control Science and Engineering, Harbin Institute of Technology","01yqg2h08","TP","","Harbin Institute of Technology"
"7198213","College of Information Engineering, Zhejiang University of Technology","02djqfd08","TP","","Zhejiang University of Technology"
"7198213","School of Automation, Hangzhou Dianzi University","0576gt767","TP","","Hangzhou Dianzi University"
"7198213","Department of Automation, University of Science and Technology of China","04c4dkn09","TP","","University of Science and Technology of China"
"7198214","Key Laboratory of Industrial Internet of Things & Networked Control, Ministry of Education, Chongqing University of Posts and Telecommunications","03dgaqz26","TP","","Chongqing University of Posts and Telecommunications"
"7198214","School of Automation, Guangdong Key Laboratory of IoT Information Processing, Guangdong University of Technology","04azbjn80","TP","","Guangdong University of Technology"
"7198214","School of Control Science and Engineering, Shandong University","0207yh398","TP","","Shandong University"
"7198214","School of Electrical Engineering and Computer Science, University of Newcastle","00eae9z71","TP","","University of Newcastle Australia"
"7198215","Graduate College, Air Force Engineering University","05vf56z40","FP_wrong","","University of Tehran"
"7198215","Aeronautics Engineering College, Air Force Engineering University","05vf56z40","FP_wrong","","University of Tehran"
"7198216","Key Laboratory of Intelligent Control and Decision of Complex Systems","","TN","",""
"7198216","School of Automation, Beijing Institute of Technology","01skt4w74","TP","","Beijing Institute of Technology"
"7198217","MIS University of Picardie Jules Verne, UFR of Sciences","04y300229;044wn2t24","FP_wrong","","MicroStep-MIS (Slovakia);Universidade Federal de Rondonópolis"
"7198217","Department of Physics, Faculty of Sciences, Dhar El Mehraz","","TN","",""
"7198218","Guangdong Provincial Key Laboratory of Technique and Equipment for Macromolecular Advanced Manufacturing, South China University of Technology","0530pts50","TP","","South China University of Technology"
"7198218","College of Automation Science and Technology, South China University of Technology","0530pts50","TP","","South China University of Technology"
"7198219","School of Mathematical Sciences and Institute of Finance and Statistics, Nanjing Normal University","036trcv74","TP","","Nanjing Normal University"
"7198219","MOE‐LCSM, School of Mathematics and Statistics, Hunan Normal University","053w1zy07","TP","","Hunan Normal University"
"7198220","Division of Information Science, Nara Institute of Science and Technology","05bhada84","TP","","Nara Institute of Science and Technology"
"7198221","Department of Electrical and Computer Engineering, Isfahan University of Technology","00af3sa43","TP","","Isfahan University of Technology"
"7198221","Department of Electrical and Computer Engineering, Graduate University of Advanced Technology","0451xdy64","TP","","Graduate University of Advanced Technology"
"7198222","School of Information Science and Technology, Fujian University of Technology","03c8fdb16","TP","","Fujian University of Technology"
"7198222","School of Electrical and Electronic Engineering, The University of Adelaide","00892tw58","TP","","The University of Adelaide"
"7198222","College of Automation Engineering, Nanjing University of Aeronautics and Astronautics","01scyh794","TP","","Nanjing University of Aeronautics and Astronautics"
"7198223","School of Electrical and Electronic Engineering, University of Adelaide","00892tw58","TP","","The University of Adelaide"
"7198223","College of Engineering and Science, Victoria University","04j757h98","TP","","Victoria University"
"7198223","School of Automation, Key Laboratory of Intelligent Control and Decision of Complex Systems, Beijing Institute of Technology","01skt4w74","TP","","Beijing Institute of Technology"
"7198224","School of Mathematical Sciences, Chongqing Normal University","01dcw5w74","TP","","Chongqing Normal University"
"7198224","National & Local Joint Engineering Laboratory of Intelligent Transmission and Control Technology (Chongqing), College of Electronic and Information Engineering, Southwest University","01kj4z117","TP","","Southwest University"
"7198225","School of Mathematics and Information Science, Nanchang Hangkong University","0369pvp92","TP","","Nanchang Hangkong University"
"7198225","Faculty of Electronic Information and Electrical Engineering, Dalian University of Technology","023hj5876","TP","","Dalian University of Technology"
"7198226","CONACyT‐Instituto Politécnico Nacional‐CITEDI","00aejfc65","FP_wrong","","Consejo Nacional de Ciencia y Tecnología"
"7198227","Institute of Automation, Chinese Academy of Sciences","034t30j35","TP","","Chinese Academy of Sciences"
"7198227","School of Artifical Intelligence, University of Chinese Academy of Sciences","05qbk4x57","TP","","University of Chinese Academy of Sciences"
"7198228","Department of Electronics and Communication Engineering, Indian Institute of Information Technology Guwahati","00bb9ch64","TP","","Indian Institute of Information Technology Guwahati"
"7198229","Departamento de Ingeniería Eléctrica, Universidad de Concepción","0460jpj73","TP","","University of Concepción"
"7198229","Computer Science Department, Universidad Católica de la Santísima Concepción","03y6k2j68","TP","","Universidad Católica de la Santísima Concepción"
"7198230","Research Center on Information Technology and Systems, Hidalgo State University","031f8kt38","TP","","Universidad Autónoma del Estado de Hidalgo"
"7198230","Universidad Autónoma Metropolitana‐Iztapalapa","02kta5139","TP","","Universidad Autónoma Metropolitana"
"7198231","División de Estudios de Posgrado e Investigación, Tecnológico Nacional de Mexico / Instituto Tecnológico de la Laguna","0460tzy11","FP_wrong","","Instituto Tecnológico de La Paz"
"7198231","Instituto Potosino de Investigación Científica y Tecnológica, División de Matemáticas Aplicadas","","FN","",""
"7198231","CONACYT Research Fellow Commissioned to Centro de Investigación en Ciencias de Información Geoespacial","00aejfc65","TP","","Consejo Nacional de Ciencia y Tecnología"
"7198232","College of Engineering, Bohai University","01kdzej58","TP","","Bohai University"
"7198232","College of Information Sciences and Technology, Bohai University","01kdzej58","TP","","Bohai University"
"7198232","Guangdong Province Key Laboratory of Intelligent Decision and Cooperative Control, Guangdong University of Technology","04azbjn80","TP","","Guangdong University of Technology"
"7198232","College of Navigation, Dalian Maritime University","002b7nr53","TP","","Dalian Maritime University"
"7198233","Department of Automation, School of Electronic and Information Engineering, Xi'an Jiaotong University","017zhmm22","TP","","Xi'an Jiaotong University"
"7198234","School of Mathematical Sciences, Shanxi University","03y3e3s17","TP","","Shanxi University"
"7198234","School of Mathematics and Statistics, Beijing Institute of Technology","01skt4w74","TP","","Beijing Institute of Technology"
"7198235","Department of Electrical Engineering and Information Technology, University of Napoli Federico II","05290cv24","TP","","University of Naples Federico II"
"7198235","Department of Engineering, University of Sannio","04vc81p87","TP","","University of Sannio"
"7198236","School of Automation Science and Engineering, South China University of Technology","0530pts50","TP","","South China University of Technology"
"7198236","Department of Computer Science, Guangdong University of Education","0574der91","TP","","Guangdong University of Education"
"7198237","School of Science, Hebei Province Key Laboratory of Big Data Calculation, Hebei University of Technology","018hded08","TP","","Hebei University of Technology"
"7198237","School of Control Science and Engineering, Hebei University of Technology","018hded08","TP","","Hebei University of Technology"
"7198238","School of Automation, and Key Laboratory of Measurement and Control of Complex Systems of Engineering, Ministry of Education, Southeast University","00cf0ab87","FP_wrong","","Southeast University"
"7198238","School of Mathematics, and Research Center for complex Systems and Network Sciences, Southeast University","00cf0ab87","FP_wrong","","Southeast University"
"7198239","Department of Electrical Engineering, Nantong University","02afcvw97","TP","","Nantong University"
"7198239","Jiangsu Provincial Key Laboratory of Networked Collective Intelligence and School of Mathematics, Southeast University","00cf0ab87","FP_wrong","","Southeast University"
"7198239","Institute of Advanced Technology, Nanjing University of Posts and Telecommunications","043bpky34","TP","","Nanjing University of Posts and Telecommunications"
"7198240","Department of Mechatronics Engineering, Shantou University","01a099706","TP","","Shantou University"
"7198240","The State Key Laboratory of Fluid Power & Mechatronic Systems, Zhejiang University","00a2xv884","TP","","Zhejiang University"
"7198241","State Key Laboratory of Synthetical Automation for Industrial Process, Northeastern University","04t5xt781","FP_wrong","","Northeastern University"
"7198241","School of Information and Engineering, Dalian University","00g2ypp58","TP","","Dalian University"
"7198241","School of Control Engineering, Northeastern University at Qinhuangdao","043jfav91","FP_wrong","","North Eastern Mindanao State University"
"7198242","División de Estudios de Posgrado e Investigación, Tecnológico Nacional de México/I.T. La Laguna","00xbw4a70","TP","","Instituto Tecnólogico de La Laguna"
"7198242","División de Estudios de Posgrado e Investigación, CONACYT‐Tecnológico Nacional de México/I.T. La Laguna","00aejfc65","FP_wrong","","Consejo Nacional de Ciencia y Tecnología"
"7198243","Department of Mathematics, Bharathiar University","04fht8c22","TP","","Bharathiar University"
"7198243","Department of Mathematics, Anna University Regional Campus","057qyqy03","TP","","Anna University Regional Campus, Coimbatore"
"7198243","Department of Mathematics, Yunnan University","0040axw97","TP","","Yunnan University"
"7198243","Department of Mathematics, Sungkyunkwan University","04q78tk20","TP","","Sungkyunkwan University"
"7198244","School of Electrical and Electronic Engineering, Yonsei University","01wjejq96","TP","","Yonsei University"
"7198244","Department of Control and Robotics Engineering, Kunsan National University","02yj55q56","TP","","Kunsan National University"
"7198245","ECE Department, Indian Institute of Information Technology, Design and Manufacturing","02z8z1589","FP_wrong","","Indian Institute of Information Technology Una"
"7198247","LAAS‐CNRS, Université de Toulouse, CNRS, UPS","01ahyrz84;00675rp98","FP_partial","","Centre National pour la Recherche Scientifique et Technique (CNRST);Université de Toulouse"
"7198247","School of Software and Electrical Engineering, Swinburne University of Technology","031rekg67","TP","","Swinburne University of Technology"
"7198247","School of Automation, China University of Geosciences","04gcegc37","TP","","China University of Geosciences"
"7198248","Control System Laboratory, Department of Advanced Science and Technology, Toyota Technological Institute","001hv0k59","TP","","Toyota Technological Institute"
"7198249","School of Automation, Beijing Institute of Technology","01skt4w74","TP","","Beijing Institute of Technology"
"7198249","Key Laboratory of Intelligent Control and Decision of Complex Systems, Beijing Institute of Technology","01skt4w74","TP","","Beijing Institute of Technology"
"7198250","Department of Mathematics, Harbin Institute of Technology (Weihai)","01yqg2h08","TP","","Harbin Institute of Technology"
"7198251","School of Automation Science and Electrical Engineering, Beihang University","00wk2mp56","TP","","Beihang University"
"7198251","Institute of Logistics Science & Engineering, Shanghai Maritime University","04z7qrj66","TP","","Shanghai Maritime University"
"7198251","Instituto de Telecomunicacoes","02ht4fk33","TP","","Instituto de Telecomunicações"
"7198252","Department of Mechanical Engineering, Tsinghua University","03cve4549","TP","","Tsinghua University"
"7198252","Beijing Key Lab of Precision/Ultra‐precision Manufacturing Equipment and Control, Tsinghua University","03cve4549","TP","","Tsinghua University"
"7198252","State Key Lab of Tribology, Tsinghua University","03cve4549","TP","","Tsinghua University"
"7198253","The Institute of Advanced Technology, Nanjing University of Posts and Telecommunications","043bpky34","TP","","Nanjing University of Posts and Telecommunications"
"7198253","The Engineering Research Center for Metallurgical Automation and Detecting Technology of Ministry of Education, Wuhan University of Science and Technology","00e4hrk88","TP","","Wuhan University of Science and Technology"
"7198253","Department of Automation, Shanghai Jiao Tong University","0220qvk04","TP","","Shanghai Jiao Tong University"
"7198253","The State Key Laboratory of Management and Control for Complex Systems, Institute of Automation, Chinese Academy of Sciences","034t30j35","TP","","Chinese Academy of Sciences"
"7198254","Department of Applied Mathematics, Zhejiang University of Technology","02djqfd08","TP","","Zhejiang University of Technology"
"7198254","Department of Electrical and Computer Engineering, National University of Singapore","01tgyzw49","TP","","National University of Singapore"
"7198255","Laboratoire Images, Signaux et Systèmes Intelligents, UPE, ESIEE Paris","00gtcbp88;04x383a88","FP_partial","","Universidade de Pernambuco;ESIEE Paris"
"7198255","School of Information Science and Engineering, Northeastern University","04t5xt781","FP_wrong","","Northeastern University"
"7198255","Laboratoire des Signaux et Systèmes (L2S, UMR CNRS 8506), CNRS‐CentraleSupélec‐Université Paris‐Sud","03hjh0h14;028rypz17","FP_wrong","","CNRS@CREATE Ltd (Singapore);Université Paris-Sud"
"7198256","Shanghai Institute of Applied Mathematics and Mechanics and Shanghai Key Laboratory of Mechanics in Energy Engineering, Shanghai University","006teas31","TP","","Shanghai University"
"7198256","Faculty of Engineering and Information Technology, University of Technology Sydney","03f0f6041","TP","","University of Technology Sydney"
"7198256","School of Science, Guangxi University of Science and Technology","02fj6b627","TP","","Guangxi University of Science and Technology"
"7198257","School of Science, Nanjing University of Posts and Telecommunications","043bpky34","TP","","Nanjing University of Posts and Telecommunications"
"7198257","Key Laboratory of HPC‐SIP (MOE), College of Mathematics and Statistics, Hunan Normal University","053w1zy07","TP","","Hunan Normal University"
"7198258","Science and Technology on Underwater Vehicle Laboratory, Harbin Engineering University","03x80pn82","TP","","Harbin Engineering University"
"7198258","Department of Control Science and Engineering, Harbin Institute of Technology","01yqg2h08","TP","","Harbin Institute of Technology"
"7198259","Automatic Control Department, Faculty of Electrical and Electronic Engineering, Ho Chi Minh City University of Technology and Education","05hzn5427","TP","","Ho Chi Minh City University of Technology and Education"
"7198259","Department of Electrical Engineering, National Central University","00944ve71","TP","","National Central University"
"7198260","Principles of Informatics Research Division, National Institute of Informatics","04ksd4g47","TP","","National Institute of Informatics"
"7198297","Department of Computer Science, San Jose State University","04qyvz380","TP","","San Jose State University"
"7198298","Department of Mathematical Sciences, Carnegie Mellon University","05x2bcf33","TP","","Carnegie Mellon University"
"7198298","Department of Mathematics, Harvard University, Science Center","03vek6s52","TP","","Harvard University"
"7198299","Department of Mathematics, University of the Aegean","03zsp3p94","TP","","University of the Aegean"
"7198300","Department of Mathematics, Rutgers, The State University of New Jersey","00rcvgx40;01q1z8k08","FP_wrong","","State University of New York;Rutgers Sexual and Reproductive Health and Rights"
"7198300","Einstein Institute of Mathematics, The Hebrew University of Jerusalem","03qxff017","TP","","Hebrew University of Jerusalem"
"7198301","School of Mathematics and Statistics, University of Canterbury","03y7q9t39","TP","","University of Canterbury"
"7198302","Mathematisches Institut, Ludwig‐Maximilians‐Universität","05591te55","TP","","Ludwig-Maximilians-Universität München"
"7198303","Department of Logic, Charles University","024d6js02","TP","","Charles University"
"7198304","Department of Mathematics and Applied Mathematics, Virginia Commonwealth University","02nkdxk79","TP","","Virginia Commonwealth University"
"7198305","Dipartimento di Scienze Matematiche, Informatiche e Fisiche, Università degli Studi di Udine","05ht0mh31","TP","","University of Udine"
"7198308","Department of Knowledge‐Based Mathematical Systems, Johannes Kepler University Linz","052r2xn60","TP","","Johannes Kepler University of Linz"
"7198308","Department of Philosophy, University of Connecticut","021nv2831","TP","","University of Connecticut"
"7198309","Département de Mathématique (Le Pentagone), Université de Mons","02qnnz951","TP","","University of Mons"
"7198310","Department of Mathematics, University of Florida","02y3ad647","TP","","University of Florida"
"7198311","Department of Mathematics, University of the Aegean","03zsp3p94","TP","","University of the Aegean"
"7198312","Mathematical Institute, Tohoku University","01dq60k83","TP","","Tohoku University"
"7198313","6‐3‐201, Miyasaka 2‐chome, Setagaya‐ku","","TN","",""
"7198314","Department of Pure Mathematics, Faculty of Mathematical Sciences, Tarbiat Modares University","03mwgfy56","TP","","Tarbiat Modares University"
"7198315","Dipartimento di Matematica, Università di Padova","00240q980","TP","","University of Padua"
"7198316","Department of Mathematics and Computer Science, Faculty of Science, Chulalongkorn University","028wp3y58","TP","","Chulalongkorn University"
"7198317","Mathematisches Institut, Universität Bonn","041nas322","TP","","University of Bonn"
"7198318","School of Computer Science, University of Manchester","027m9bs27","TP","","University of Manchester"
"7198318","Instytut Matematyki i Informatyki, Uniwersytet Opolski","05he0t313","FP_wrong","","Uniwersytet Kaliski im. Prezydenta Stanisława Wojciechowskiego"
"7198319","School of Mathematical Sciences, Tel Aviv University","04mhzgx49","TP","","Tel Aviv University"
"7198320","Departamento de Matemáticas, Universidad Autónoma Metropolitana Iztapalapa","02kta5139","TP","","Universidad Autónoma Metropolitana"
"7198320","Abteilung für Mathematische Logik, Albert‐Ludwigs‐Universität Freiburg","0245cg223","TP","","University of Freiburg"
"7198321","Laboratoire d'Algorithmique, Complexité et Logique, EA 4219, Université Paris‐Est Créteil Val de Marne","05ggc9x40","TP","","Université Paris-Est Créteil"
"7198321","Institut de Recherche en Informatique Fondamentale, Centre National de la Recherche Scientifique & Université Paris Diderot – Paris 7","02feahw73","TP","","Centre National de la Recherche Scientifique"
"7198322","Institut de Recherche en Informatique Fondamentale, Centre National de la Recherche Scientifique & Université Paris Diderot – Paris 8","02n7qrg46","TP","","Université Paris Diderot"
"7198322","Université de Picardie, I.U.T. de l'Oise","01gyxrk03;00d7h8p49","FP_partial","","Université de Picardie Jules Verne;IUT de Paris Pajol"
"7198322","Projet Analyse Fonctionnelle, Institut de Mathématiques de Jussieu","","TN","",""
"7198322","Department of Mathematical Analysis, Faculty of Mathematics and Physics, Charles University","024d6js02","TP","","Charles University"
"7198323","Department of Mathematics, University of Colorado Boulder","02ttsq026","TP","","University of Colorado Boulder"
"7198324","Université de Caen & CNRS, Laboratoire de Mathématiques","051kpcy16","TP","","Université de Caen Normandie"
"7198325","Department of Information and Electronic Engineering, Faculty of Science and Engineering, Teikyo University","01gaw2478","TP","","Teikyo University"
"7198326","Department of Computer Science, Cornell University","05bnh6r87","TP","","Cornell University"
"7198327","Department of Pure and Applied Mathematics, Faculty of Science and Engineering, Waseda University","00ntfnx83","TP","","Waseda University"
"7198328","Computer Science Department, Universitat Politècnica de Catalunya","03mb6wj31","TP","","Universitat Politècnica de Catalunya"
"7198328","Institute of Logic and Computation, Technische Universität Wien","04d836q62","TP","","TU Wien"
"7198328","Kurt Gödel Research Center, University of Vienna","03prydq77","TP","","University of Vienna"
"7198329","Department of Science, Arak University of Technology","053wftt74","TP","","Arak University of Technology"
"7198329","Department of Mathematics, University of Notre Dame","00mkhxb43","TP","","University of Notre Dame"
"7198330","Department of Mathematics and Computer Science, Universiteit Antwerpen","008x57b05","TP","","University of Antwerp"
"7198330","Databases and Theoretical Computer Science Research Group, Universiteit Hasselt & Transnationale Universiteit Limburg","04nbhqj75","TP","","Hasselt University"
"7198331","Databases and Theoretical Computer Science Research Group, Universiteit Hasselt & Transnationale Universiteit Limburg","05f0rzm15","TP","","Transnational University Limburg"
"7198331","Department of Mathematics, University of Helsinki","040af2s02","TP","","University of Helsinki"
"7198332","Department of Mathematics and Statistics, University of North Carolina at Charlotte","04dawnj30","TP","","University of North Carolina at Charlotte"
"7198333","Department of Mathematics, College of Staten Island, City University of New York","00453a208","TP","","City University of New York"
"7198333","The Graduate Center, City University of New York","00453a208","TP","","City University of New York"
"7198334","Department of Computer Science & Engineering, New Mexico Tech","005p9kw61","TP","","New Mexico Institute of Mining and Technology"
"7198334","Department of Mathematics, University of California","00pjdza24","TP","","University of California System"
"7198335","Dipartimento di Matematica, Università di Roma “Tor Vergata”","02p77k626","TP","","University of Rome Tor Vergata"
"7198336","Department of Mathematics and Computer Science, Faculty of Science, Chulalongkorn University","028wp3y58","TP","","Chulalongkorn University"
"7198338","Department of Mathematics, Faculty of Basic Science Babol Noshirvani University of Technology","02zc85170","TP","","Babol Noshirvani University of Technology"
"7198339","Department of Mathematical Sciences Florida Institute of Technology","04atsbb87","TP","","Florida Institute of Technology"
"7198339","Department of Computer Engineering and Sciences Florida Institute of Technology","04atsbb87","TP","","Florida Institute of Technology"
"7198339","Escuela de Informática Universidad Nacional Escuela de Matemática","00qseeb08","TP","","Universidad Nacional Experimental de Guayana"
"7198340","School of Business Ibn Haldun University","02y5xdw18","TP","","Ibn Haldun University"
"7198340","College of Business Administration University of Sharjah","020ydms54","TP","","University of Finance and Administration"
"7198340","Department of Industrial Engineering Beykent University","03dcvf827","TP","","Beykent University"
"7198340","College of Engineering and Technology American University of the Middle East","02gqgne03","TP","","American University of the Middle East"
"7198340","Department of Management Science and Information Systems, Spears School of Business Oklahoma State University","05tcr1n44","FP_wrong","","University of Business and Technology"
"7198340","Department of Industrial Engineering Istanbul Sehir University","020ddy191","TP","","Istanbul Şehir University"
"7669598","Institut für Statistik und Ökonometrie, Christian–Albrechts–Universität zu Kiel, Olshausenstr. 40, D-24098 Kiel, Germany","04v76ef78","TP","","Christian-Albrechts-Universität zu Kiel"
"7669598","Department of Economics, Georg-August-Universität Göttingen, Humboldtallee 3, D-37073 Göttingen, Germany","01y9bpm73","TP","","University of Göttingen"
"7800289","Institute for Software Integrated Systems, Vanderbilt University","02vm5rt34","TP","","Vanderbilt University"
"7800289","Department of Computer and Information Science, University of Pennsylvania","00b30xv10","TP","","University of Pennsylvania"
"7442286","Department of Mathematical Sciences New Mexico University","041ndzj79","TP","","University of New Mexico"
"7442286","Faculty of Mathematical Sciences and Civil Engineering Beijing Institute of Technology","01skt4w74","TP","","Beijing Institute of Technology"
"7669596","School of Mathematics and Statistics, The University of Sydney, Sydney, Australia","0384j8v12","TP","","The University of Sydney"
"7637426","School of Mathematics and Statistics, The University of Sydney, Sydney, Australia","0384j8v12","TP","","The University of Sydney"
"7637426","Department of Mathematics, Stanford University","00f54p054","TP","","Stanford University"
"7669597","Division of Applied Mathematics, Brown University","05gq02987","TP","","Brown University"
"7669597","Xiamen University, School of Mathematical Sciences, Xiamen, China","00mcjh785","TP","","Xiamen University"
"8016647","ESADE Business School","","FN","",""
"8016647","Public University of Navarre","02z0cah89","TP","","Universidad Publica de Navarra"
"8006344","Faculty of Electrical Engineering, Shahid Beheshti University","0091vmj44","TP","","Shahid Beheshti University"
"8006344","Department of Electrical and Computer Engineering, The George Washington University","00y4zzh67","TP","","George Washington University"
"7949357","Faculty of Mathematics, Statistics and Computer Science, University of Sistan and Baluchestan","041jw5813","FP_wrong","","University of San Carlos"
"7949357","School of Mathematics, Statistics and Computer Science, College of Science, University of Tehran","05vf56z40","TP","","University of Tehran"
"7949358","School of Science, China University of Mining and Technology (Beijing)","003ncxf91","TP","","China University of Mining and Technology - Beijing"
"7792084","Institute for Problems in Mechanical Engineering of Russian Academy of Sciences","","FN","",""
"8006340","Institute of Advanced Digital Technology and Instrumentation, Zhejiang University","00a2xv884","TP","","Zhejiang University"
"8006340","Embedded System Engineering Research Center, Ministry of Education of China, Zhejiang University","00a2xv884","TP","","Zhejiang University"
"8006340","Zhejiang Provincial Key Laboratory for Network Multimedia Technologies, Zhejiang University","00a2xv884","TP","","Zhejiang University"
"7949359","Department of Statistics, Seoul National University","04h9pn542","TP","","Seoul National University"
"7492711","Department of Mathematics, Noorul Islam Centre for Higher Education, Kumaracoil, Tamil Nadu, 629175, India","01y2gf490","TP","","Noorul Islam University"
"7967608","Università degli Studi di Genova, Dipartimento di Matematica","0107c5v14","TP","","University of Genoa"
"7967608","Université Paris‐Saclay, CNRS, Laboratoire de mathématiques d'Orsay","03xjwb503;00675rp98","FP_partial","","Université Paris-Saclay;Centre National pour la Recherche Scientifique et Technique (CNRST)"
"8009577","Department of Mathematics and Computer Sciences, Physics and Earth Sciences, University of Messina, Viale Ferdinando Stagno d’Alcontres 31, 98166 Messina, Italy","05ctdxz19","TP","","University of Messina"
"7949360","Department of Statistics, University of Seoul","05en5nh73","TP","","University of Seoul"
"7949360","School of Economics, University of Seoul","05en5nh73","TP","","University of Seoul"
"7949360","College of Business Administration, University of Seoul","05en5nh73","TP","","University of Seoul"
"8006341","Department of Electronics and Communication Engineering, National Institute of Technology Patna","056wyhh33","TP","","National Institute of Technology Patna"
"7937829","University of Amsterdam","04dkp9463","TP","","University of Amsterdam"
"7764910","Department of Physics, Swansea University","053fq8t95","TP","","Swansea University"
"7880454","Departamento de Matemática, Universidade de Brasília","02xfp8v59","TP","","Universidade de Brasília"
"7880454","Department of Pure Mathematics, Faculty of Science, Imam Khomeini International University","02jeykk09","TP","","Imam Khomeini International University"
"8016648","ESADE Business School","","FN","",""
"8016648","Public University of Navarre","02z0cah89","TP","","Universidad Publica de Navarra"
"8016648","Universidad Politécnica de Valencia","01460j859","TP","","Universitat Politècnica de València"
"7565384","Departamento de Matemática, Universidade Estadual de Campinas","04wffgt70","TP","","Universidade Estadual de Campinas (UNICAMP)"
"7565384","Departamento de Matemática, Instituto Superior Técnico, Universidade de Lisboa","03db2by73;05dx9nr48","FP_partial","","Centro de Filosofia;Instituto Superior Técnico"
"8006342","Air and Missile Defense College, Air Force Engineering University","05vf56z40","TP","","University of Tehran"
"7516579","Peoples’ Friendship University of Russia (RUDN), Institute of Innovative Engineering Technologies","02dn9h927","TP","","Peoples' Friendship University of Russia"
"7516579","Don State Technical University","00x5je630","TP","","Don State Technical University"
"7923122","Istituto di Matematica Applicata e Tecnologie Informatiche “E. Magenes”, Consiglio Nazionale delle Ricerche","04zaypm56","TP","","National Research Council"
"7882507","CISPA Helmholtz Center for Information Security","","FN","",""
"7837302","International Institute of Finance, School of Management, University of Science and Technology of China","04c4dkn09","TP","","University of Science and Technology of China"
"7837302","School of Management, Guangzhou University","05ar8rn06","TP","","Guangzhou University"
"7837302","School of Business, Nanjing Audit University","04zj2bd87","TP","","Nanjing Audit University"
"8006343","Biomedical Signal Analysis and Interpretation Laboratory (BioSAIL), Department of Electronics and Communication Engineering, Thapar Institute of Engineering and Technology","00wdq3744","TP","","Thapar Institute of Engineering & Technology"
"7987719","School of Mathematics and Statistics, Lanzhou University","01mkqqe32","TP","","Lanzhou University"
"7987719","School of Mathematical Sciences, CMA-Shanghai, Shanghai Jiao Tong University","05sz9gw20;0220qvk04","FP_partial","","Fraunhofer USA Center Mid-Atlantic CMA;Shanghai Jiao Tong University"
"7669586","Fort Lewis College, Department of Economics, Durango, CO, USA","00aad7q36","TP","","Fort Lewis College"
"7669586","Department of Economics, Finance, and Legal Studies, University of Alabama, Tuscaloosa, AL, USA","03xrrjk67","TP","","University of Alabama"
"7669586","University of Zagreb, Department of Macroeconomics and Economic Development, Faculty of Economics and Business, Zagreb, Croatia","00mv6sv71","TP","","University of Zagreb"
"7956611","Department of Mathematics, University of Notre Dame","00mkhxb43","TP","","University of Notre Dame"
"7956611","School of Mathematics & IMS, Nanjing University","01rxvg760","TP","","Nanjing University"
"7669592","Department of Finance, Insurance and Real Estate, Laval University, Quebec City, Quebec G1V 0A6, Canada","04sjchr03","TP","","Université Laval"
"7283036","Università degli Studi di Milano","00wjc7c48","TP","","University of Milan"
"7283036","Free University of Bozen-Bolzano","012ajp527","TP","","Free University of Bozen-Bolzano"
"7220509","Vasyl Stefanyk Precarpathian National University vul. Shevchenka 57, Ivano-Frankivsk 76018, Ukraine (dmytryshynr@hotmail.com)","0576vga12","TP","","Vasyl Stefanyk Carpathian National University"
"7051863","University of Leicester","04h699437","TP","","University of Leicester"
"7596617","The Ontario Research Center for Computer Algebra and the School of Mathematical and Statistical Sciences, Western University","02agqkc58","TP","","Western University"
"7340594","Institut de Mathématiques de Jussieu - Paris Rive Gauche (IMJ-PRG), Université Paris Diderot","02n7qrg46","TP","","Université Paris Diderot"
"7340594","University of Primorska, FAMNIT","05xefg082","TP","","University of Primorska"
"7340594","University of Primorska, IAM","04s8a8w57","FP_wrong","","University Hospital of the West Indies"
"7340594","Universidad Autónoma Metropolitana","02kta5139","TP","","Universidad Autónoma Metropolitana"
"7596617","Cheriton School of Computer Science, University of Waterloo","01aff2v68","TP","","University of Waterloo"
"7563755","Department of Mathematics, Faculty of Science, Sohag University, Sohag, Egypt","02wgx3e98","TP","","Sohag University"
"7530645","Department of Mathematics-Informatics, Faculty of Applied Sciences, University POLITEHNICA of Bucharest","0558j5q12","TP","","Universitatea Națională de Știință și Tehnologie Politehnica București"
"7563755","Nonlinear Analysis and Applied Mathematics Research Group (NAAM), Department of Mathematics, King Abdulaziz University, Jeddah, Saudi Arabia","02ma4wv74","TP","","King Abdulaziz University"
"7442284","University of Texas at El Paso","04d5vba33","TP","","The University of Texas at El Paso"
"7442284","Department of Mathematics and Computer Science University of North Carolina at Pembroke","05pckj715","TP","","University of North Carolina at Pembroke"
"7039558","Univ Lyon, Université Claude Bernard, Lyon 1, CNRS UMR 5208, Institut Camille Jordan, Mathématiques, Bât. Doyen Jean Braconnier, 43 Bd du 11 Novembre 1918, F-69622 Villeurbanne cedex, France email nicolas@math.univ-lyon1.fr","03mq68c95;029brtt94;052ahj806;02kzqn938","FP_partial","","Tokoha Gakuen University;Université de Lille;Université Claude Bernard Lyon 1;Centre de Génétique Moléculaire"
"7702812","Group of Analysis and Applied Mathematics, Department of Mathematics, Ho Chi Minh City University of Education, Ho Chi Minh City, Vietnam, and Department of Mathematics, Wayne State University, Detroit, MI 48202 USA.","01cs0jg44","TP","","Ho Chi Minh City University of Education"
"7702813","Group of Analysis and Applied Mathematics, Department of Mathematics, Ho Chi Minh City University of Education, Ho Chi Minh City, Vietnam, and Department of Mathematics, Wayne State University, Detroit, MI 48202 USA.","01070mq45","TP","","Wayne State University"
"7702812","Department of Mathematics, Wayne State University, Detroit, MI 48202 USA.","01070mq45","TP","","Wayne State University"
"7702812","Group of Analysis and Applied Mathematics, Department of Mathematics, Ho Chi Minh City University of Education, Ho Chi Minh City, Vietnam.","01cs0jg44","TP","","Ho Chi Minh City University of Education"
"7669594","Department of Economics, Lingnan University, New Territories, Hong Kong","0563pg902","TP","","Lingnan University"
"7669594","Department of Finance, Asia University, Taichung, Taiwan","03z7kp760","TP","","Asia University"
"7669594","Department of Economics, University of Pretoria, Pretoria, South Africa","00g0p6g84","TP","","University of Pretoria"
"7669594","Facultad de Ciencias Economicas y Empresariales, Universidad de Navarra, Pamplona, Spain","02rxc7m23","TP","","Universidad de Navarra"
"7669594","Research Institute for Business, Hang Seng Management College, Sha Tin, Hong Kong","04fa64g55","TP","","Hang Seng University of Hong Kong"
"7669595","Institut de statistique, biostatistique et sciences actuarielles, and CORE, Université catholique de Louvain, Voie du Roman Pays, 20, 1348Louvain-la-Neuve, Belgium","02495e989","TP","","UCLouvain"
"7669595","National Tsing Hua University, Department of Quantitative Finance, Hsinchu City, Taiwan","00zdnkx70","TP","","National Tsing Hua University"
"7669591","Department of Economics, University of Macedonia, 156 Egnatia Street, 54006, Thessaloniki, Greece, Phone: +302310891774, Fax: +302310891292","05fg6gr82","TP","","University of Macedonia"
"7669591","Department of Economics, University of Macedonia, 54006, Thessaloniki, Greece","05fg6gr82","TP","","University of Macedonia"
"7669590","Lancaster University Management School, Department of Economics, Bailrigg, Lancaster, LA1 4YX, United Kingdom of Great Britain and Northern Ireland","03vpkt967;01xgj3b22","FP_wrong","","United Church of Christ;Northern Ireland Office"
"7669588","Department of Economics, College of Social Sciences and Humanities, Northeastern University, 301 Lake Hall, 360 Huntington Avenue, Boston, MA 02115, USA, Tel: 617-373-3646","04t5xt781","TP","","Northeastern University"
"7669588","Department of Economics, Finance and Legal Studies, The University of Alabama, Tuscaloosa, AL 35487, USA","03xrrjk67","TP","","University of Alabama"
"7669587","The University of Alabama, Department of Economics, Finance, and Legal Studies, 200 Alston Hall, Box 870224Tuscaloosa, AL 35487, United States of America","03xrrjk67","TP","","University of Alabama"
"7669587","The University of Alabama, Department of Economics, Finance, and Legal Studies, Tuscaloosa, AL 35487, United States of America","03xrrjk67","TP","","University of Alabama"
"7975827","Department of Mechanical Engineering, Kocaeli University","0411seq30","TP","","Kocaeli Üniversitesi"
"7975827","Department of Mechanical and Material Technologies, Kocaeli University","0411seq30","TP","","Kocaeli Üniversitesi"
"7285746","Department of Mathematics, University of California at Davis","0168r3w48","FP_wrong","","University of California San Diego"
"7989117","Université de Strasbourg","00pg6eq24","TP","","Université de Strasbourg"
"7989117","University of Bristol","0524sp257","TP","","University of Bristol"
"7989117","University of Warwick","01a77tt86","TP","","University of Warwick"
"7989117","Lancaster University","04f2nsd36","TP","","Lancaster University"
"7949353","Department of Applied Mathematics, Graduate School of Science, Tokyo University of Science","05sj3n476","TP","","Tokyo University of Science"
"7949353","Department of Applied Mathematics, Tokyo University of Science","05sj3n476","TP","","Tokyo University of Science"
"7949353","Department of Computer Science, Humboldt University of Berlin","01hcx6992","TP","","Humboldt-Universität zu Berlin"
"7949353","Production, Operations and Decision Sciences Area, XLRI-Xavier School of Management","046vhnd58","TP","","Xavier School of Management"
"8006337","Department of Computer Science and Engineering, G. C., Shahid Beheshti University","0091vmj44","TP","","Shahid Beheshti University"
"7490793","Department of Mathematics, Faculty of Science, Khon Kaen University, Khon Kaen 40002, Thailand","03cq4gr50","TP","","Khon Kaen University"
"7949354","Department of Statistics, Seoul National University","04h9pn542","TP","","Seoul National University"
"7949354","Department of Statistics, Columbia University","00hj8s172","TP","","Columbia University"
"7949354","Department of Statistics and Data Science, Carnegie Mellon University","05x2bcf33","TP","","Carnegie Mellon University"
"7949354","Department of Industrial and Systems Engineering, KAIST","05apxxy63","TP","","Korea Advanced Institute of Science and Technology"
"7735620","Department of Mechanical, Power Engineering, East China University of Science and Technology","01vyrm377","TP","","East China University of Science and Technology"
"7735620","Department of Computer Science and Engineering, East China University of Science and Technology","01vyrm377","TP","","East China University of Science and Technology"
"7735620","Key Laboratory of Smart Manufacturing in Energy Chemical Process, Ministry of Education","","TN","",""
"7949356","School of Mathematics and Statistics, Nanjing University of Information Science and Technology","02y0rxk19","TP","","Nanjing University of Information Science and Technology"
"7949356","School of Statistics and Data Science, KLMDASR, LEBPS and LPMC, Nankai University","01y1kjr75","TP","","Nankai University"
"8006339","Department of ETE, RV College of Engineering","041re0e60","TP","","R.V. College of Engineering"
"6676105","The Australian Mathematical Sciences Institute, c/o The University of Melbourne, Parkville, Victoria 3010, Australia","00yn60108","TP","","Australian Mathematical Sciences Institute"
"6676106","The Australian Mathematical Sciences Institute, c/o The University of Melbourne, Parkville, Victoria 3010, Australia","01ej9dk98","TP","","The University of Melbourne"
"6676105","Department of Mathematics and Statistics, La Trobe University, Melbourne, Victoria 3086, Australia","01rxfrp27","TP","","La Trobe University"
"6676106","University of Sfax, Faculty of Sciences, Sfax, Tunisia","04d4sd432","TP","","University of Sfax"
"6676107","Department of Pure Mathematics, University of Calcutta, 35, Ballygunge Circular Road, Kolkata 700019, West Bengal, India","01e7v7w47","TP","","University of Calcutta"
"6676107","Department of Mathematics and Informatics, Faculty of Science and Mathematics, University of Niś, Visegradska 33, P. O. Box 202, 18000 Niś, Serbia","00965bg92","TP","","University of Nis"
"6676107","Department of Mathematics, Chakdaha College, P. O.-Chakdaha, Dist-Nadia, West Bengal, 741222, India","","TN","",""
"6676108","Faculty of Science, Department of Physics, Sahand University of Technology, P. O. Box 51335-1996, Tabriz, Iran","03wdrmh81","TP","","Sahand University of Technology"
"6676109","Faculty of Sciences, Department of Physics, Salman Farsi University of Kazerun, Kazerun 73175-457, Iran","053p3yv46","TP","","Salman Farsi University of Kazerun"
"6676110","Instituto de Fisica, Universidade de Sao Paulo, C. Postal 66318, 05314-970 Sao Paulo, SP, Brazil","036rp1748","TP","","Universidade de São Paulo"
"6676110","S.N. Bose National Center for Basic Sciences, JD Block, Sector III, Salt Lake, Kolkata 700098, India","00kz6qq24","TP","","S.N. Bose National Centre for Basic Sciences"
"6676111","Department of Physics, Faculty of Sciences, Azarbaijan Shahid Madani University, 53714-161, Tabriz, Iran","05pg2cw06","TP","","Azarbaijan Shahid Madani University"
"6676112","Department of Mathematics and Computer Science, Amirkabir University of Technology (Polytechnic of Tehran), Tehran, Iran","040f6ar92","FP_wrong","","Tafresh University"
"6676113","Bogoliubov Laboratory of Theoretical Physics, Joint Institute for Nuclear Research, 141980 Dubna, Russian Federation","044yd9t77","TP","","Joint Institute for Nuclear Research"
"6676113","Universidad de Buenos Aires, Consejo Nacional de Investigaciones Cientificas y Tecnicas (CONICET), National Institute of Plasma Physics (INFIP), Facultad de Ciencias Exactas y Naturales, Cuidad Universitaria, Buenos Aires 1428, Argentina","0081fs513","TP","","Universidad de Buenos Aires"
"6676113","Universidad de Buenos Aires, Consejo Nacional de Investigaciones Cientificas y Tecnicas (CONICET), National Institute of Plasma Physics (INFIP), Facultad de Ciencias Exactas y Naturales, Cuidad Universitaria, Buenos Aires 1428, Argentina","03cqe8w59","TP","","Consejo Nacional de Investigaciones Científicas y Técnicas"
"6676114","Faculty of Science and Technology, Free University of Bolzano, P.za Università 5, Bolzano, Italy","012ajp527","TP","","Free University of Bozen-Bolzano"
"6676115","Department of Mathematics, İzmir Institute of Technology, Urla 35430, İzmir, Turkey","03stptj97","TP","","Izmir Institute of Technology"
"6676116","LNGS, Laboratori Nazionali del Gran Sasso, 67010 Assergi, ’Aquila AQ, Italy","02s8k0k61;02s8k0k61","TP","","Istituto Nazionale di Fisica Nucleare, Laboratori Nazionali del Gran Sasso"
"6676116","Dipartimento di Fisica, Università di L’Aquila, 67010 Coppito, ’Aquila AQ, Italy","03ad39j10","FP_wrong","","University of Pisa"
"6676117","School of Mathematical Sciences, Inner Mongolia University, Hohhot 010021, P. R. China","0106qb496","TP","","Inner Mongolia University"
"6676117","School of Physical Sciences and Technology, Inner Mongolia University, Hohhot 010021, P. R. China","0106qb496","TP","","Inner Mongolia University"
"6676118","Facultad de Ciencias Físico-Matemáticas, Universidad Autónoma de Sinaloa, 80010 Culiacán, Sinaloa, México","05g1mh260","TP","","Universidad Autónoma de Sinaloa"
"6676119","Laboratoire Algebra Geometry and Theory Spectral Sfax, Tunisie","02tnr6p29","FP_wrong","","Roche (Tunisia)"
"6676119","Département de Mathématiques Faculté des Sciences de Gafsa 2112, Universié de Gafsa, Tunisie","01kzjzn40","TP","","University of Gafsa"
"6676120","Département de Mathématiques, Faculté des Sciences de Gafsa, Université de Gafsa, Laboratoire Algebra Geometry and Theory Spectral, Zarroug 2112, Gafsa, Tunisie","01kzjzn40","TP","","University of Gafsa"
"6676120","Département de Mathématiques, Faculté des Sciences de Sfax, Université de Sfax, laboratoire Algebra Geometry and Theory Spectral, BP 802, Sfax 3038, Tunisie","04d4sd432","TP","","University of Sfax"
"6676141","School of Mathematics and Statistics, Wuhan University","033vjfk17","TP","","Wuhan University"
"6676141","Courant Institute","037tm7f56","TP","","Courant Institute of Mathematical Sciences"
"6676142","Shanghai Center for Mathematical Sciences, Fudan University","013q1eq08","TP","","Fudan University"
"6676357","Department of Internal Medicine, Virginia Commonwealth University","02nkdxk79","TP","","Virginia Commonwealth University"
"6676357","Department of Biostatistics, Virginia Commonwealth University","02nkdxk79","TP","","Virginia Commonwealth University"
"6676357","Department of Statistics, Georgetown University","05vzafd60","TP","","Georgetown University"
"6676357","Department of Statistics, Virginia Polytechnic Institute and State University","02smfhw86","TP","","Virginia Tech"
"6676358","Department of Statistics, Faculty of Psychology, University of Münster","00pd74e08","TP","","University of Münster"
"6676359","School of Mathematical and Physical Sciences, University of Technology Sydney","03f0f6041","TP","","University of Technology Sydney"
"6676359","School of Mathematics and Statistics, University of Glasgow, University Gardens","00vtgdb53;05vf56z40","FP_partial","","University of Tehran;University of Glasgow"
"6676359","ARC Centre of Excellence for Mathematical and Statistical Frontiers (ACEMS), Richard Berry Building, The University of Melbourne","01ej9dk98","TP","","The University of Melbourne"
"6676360","Department of Applied Mathematics, The Hong Kong Polytechnic University","0030zas98","TP","","Hong Kong Polytechnic University"
"6676360","Shenzhen Research Institute, Hong Kong Polytechnic University","00sz56h79","TP","","HKUST Shenzhen Research Institute"
"6676360","Shenzhen Research Institute, Hong Kong Polytechnic University","0030zas98","TP","","Hong Kong Polytechnic University"
"6676360","Department of Statistics, Yunnan University","0040axw97","TP","","Yunnan University"
"6676361","Department of Economics, University of Manitoba","02gfys938","TP","","University of Manitoba"
"6676362","Department of Internal Medicine, Yale University","03v76x132","TP","","Yale University"
"6676363","Department of Mathematics and Statistics, University of Jyvaskyla","05n3dz165","TP","","University of Jyväskylä"
"6676363","Department of Mathematical Sciences and Biocenter Oulu, University of Oulu","03yj89h83","TP","","University of Oulu"
"6676364","Theodosius Dobzhansky Center for Genome Bionformatics, St.‐Petersburg State University","023znxa73","TP","","St Petersburg University"
"6676364","Guy Harvey Oceanographic Center, Halmos College of Natural Sciences and Oceanography, Nova Southeastern University","042bbge36","TP","","Nova Southeastern University"
"6676364","Department of Mathematics, St.‐Petersburg Electrotechnical University “LETI”","01rfadg88","FP_wrong","","St. Petersburg Christian University"
"6676364","National Institute for Viral Diseases Control and Prevention, Chinese Center for Disease Control and Prevention","04b1sh213","TP","","National Institute for Viral Disease Control and Prevention"
"6676364","Université du Havre, UFR Sciences et Techniques","05v509s40;03cbxvt13","FP_partial","","Centre d’Études et de Recherches Interdisciplinaires en Lettres, Arts et Cinéma;Université Le Havre Normandie"
"6676364","Wuzhou Health System Key Laboratory for Nasopharyngeal Carcinoma Etiology and Molecular Mechanism Wuzhou Red Cross Hospital","00nnh8h94","FP_wrong","","Red Cross Hospital"
"6676365","Netherlands Bioinformatics Center","","FN","",""
"6676365","Epidemiology and Biostatistics, VU University Medical Center","00q6h8f30","TP","","Amsterdam UMC Location Vrije Universiteit Amsterdam"
"6676365","Department of Medical Statistics and Bioinformatics, Leiden University Medical Center","05xvt9f17","TP","","Leiden University Medical Center"
"6676365","Biostatistics, Department for Health Evidence, Radboud University Medical Center","05wg1m734","TP","","Radboud University Medical Center"
"6676366","Institute of Medical Statistics, Computer Sciences and Documentation, University Hospital Jena, Friedrich‐Schiller‐University","035rzkx15","TP","","Jena University Hospital"
"6676366","Institute of Medical Statistics, Computer Sciences and Documentation, University Hospital Jena, Friedrich‐Schiller‐University","05qpz1x62","TP","","Friedrich Schiller University Jena"
"6676367","Department of Pathology, VU University Medical Center","00q6h8f30","TP","","Amsterdam UMC Location Vrije Universiteit Amsterdam"
"6676367","Department of Mathematics, VU University Amsterdam","008xxew50","TP","","Vrije Universiteit Amsterdam"
"6676367","Department of Epidemiology and Biostatistics, VU University Medical Center","00q6h8f30","TP","","Amsterdam UMC Location Vrije Universiteit Amsterdam"
"6676368","Institute of Mathematics, Poznań University of Technology","00p7p3302","TP","","Poznań University of Technology"
"6676368","Institute of Mathematics, Faculty of Science, P. J. Šafárik University","39965637","TP","","University of Pavol Jozef Šafárik"
"6676368","Department of Management Science and Statistics, The University of Texas at San Antonio","01kd65564","TP","","The University of Texas at San Antonio"
"6676369","German Diabetes Center, Leibniz Center for Diabetes Research at Heinrich Heine University Düsseldorf, Institute for Biometry and Epidemiology","024z2rq82","TP","","Heinrich Heine University Düsseldorf"
"6676370","Department of Mathematics and Statistics, Lancaster University","04f2nsd36","TP","","Lancaster University"
"6676371","Institut für Stochastik, TU Bergakademie","031vc2293","TP","","TU Bergakademie Freiberg"
"6676372","School of Electrical Engineering, Southwest Jiaotong University","00hn7w693","TP","","Southwest Jiaotong University"
"6676372","Department of Electronic Engineering, City University of Hong Kong","03q8dnn23","TP","","City University of Hong Kong"
"6676373","Department of Earth and Space Science and Engineering, York University","022jz8688","FP_wrong","","York University"
"6676374","College of Automation Engineering, Nanjing University of Aeronautics and Astronautics","01scyh794","TP","","Nanjing University of Aeronautics and Astronautics"
"6676374","College of Science, Huazhong Agricultural University","023b72294","TP","","Huazhong Agricultural University"
"6676375","State Key Laboratory of Industrial Control Technology, Institute of Cyber‐systems and Control, Yuquan Campus, Zhejiang University","00a2xv884","TP","","Zhejiang University"
"6676375","Laboratoire des Signaux et Systèmes, L2S, CNRS UMR 8506, Supélec, Universite Paris Sud‐P11","00675rp98;05f82e368","FP_wrong","","Centre National pour la Recherche Scientifique et Technique (CNRST);Université Paris Cité"
"6676376","Department of Electrical Engineering, Yeungnam University","05yc6p159","TP","","Yeungnam University"
"6676376","School of Electrical Engineering and Automation, Qilu University of Technology","04hyzq608","TP","","Qilu University of Technology"
"6676376","College of Electrical Engineering and Automation, Shandong University of Science and Technology","04gtjhw98","TP","","Shandong University of Science and Technology"
"6676377","Systems Engineering Institute, South China University of Technology","05ey7mm31","FP_wrong","","Vaal University of Technology"
"6676378","Department of Automation, University of Science and Technology of China","04c4dkn09","TP","","University of Science and Technology of China"
"6676378","Beijing Institute of Control Engineering","000vg1h78","FP_wrong","","Beijing Institute of Nutritional Sources"
"6676379","Automatic Control and Computer Science Department, Universidad Pública de Navarra","02z0cah89","TP","","Universidad Publica de Navarra"
"6676379","Case Western Reserve University, EECS, 10900 Euclid Avenue","051fd9666","TP","","Case Western Reserve University"
"6676379","Department of Electrical Engineering, Universidad de La Rioja","0553yr311","TP","","Universidad de La Rioja"
"6676380","Science and Technology on Aircraft Control Laboratory, Beihang University","00wk2mp56","TP","","Beihang University"
"6676380","The Seventh Research Division, School of Automation Science and Electrical Engineering, Beihang University","00wk2mp56","TP","","Beihang University"
"6676381","Department of Electrical Engineering, National Chung Hsing University","05vn3ca78","TP","","National Chung Hsing University"
"6676382","School of Automation, Beijing University of Aeronautics and Astronautics","00wk2mp56","TP","","Beihang University"
"6676384","Saint Petersburg State University, 7/9, Universitetskaya nab.","023znxa73","TP","","St Petersburg University"
"6676385","College of Electrical Engineering and New Energy, China Three Gorges University","0419nfc77","TP","","China Three Gorges University"
"6676386","School of Electrical and Electronic Engineering, The University of Adelaide","00892tw58","TP","","The University of Adelaide"
"6676386","Institute of Advanced Technology, Nanjing University of Posts and Telecommunications","043bpky34","TP","","Nanjing University of Posts and Telecommunications"
"6676386","College of Mechanical & Electronic Engineering, Nanjing Forestry University","03m96p165","TP","","Nanjing Forestry University"
"6676386","College of Engineering and Science, Victoria University","04j757h98","TP","","Victoria University"
"6676387","College of Mathematics, Taiyuan University of Technology","03kv08d37","TP","","Taiyuan University of Technology"
"6676387","School of Mathematics and Statistics, Beijing Institute of Technology","01skt4w74","TP","","Beijing Institute of Technology"
"6676388","School of Electrical and Electronic Engineering, Nanyang Technological University","02e7b5302","TP","","Nanyang Technological University"
"6676388","Key Laboratory of Advanced Process Control for Light Industry (Ministry of Education), Institute of Automation, Jiangnan University","04mkzax54","TP","","Jiangnan University"
"6676389","Key Laboratory of Advanced Process Control for Light Industry (Ministry of Education), School of Internet of Things Engineering, Jiangnan University","04mkzax54","TP","","Jiangnan University"
"6676389","School of Engineering and Science, Victoria University","04j757h98","TP","","Victoria University"
"6676389","Department of Electrical and Computer Engineering, University of Auckland","03b94tp07","TP","","University of Auckland"
"6676389","School of Electrical and Electronic Engineering, The University of Adelaide","00892tw58","TP","","The University of Adelaide"
"6676390","Department of Mathematics, Korea University","05m1gnk07","TP","","Korea University"
"6676390","Department of Mathematics, Naval Academy","05syseh24","FP_wrong","","Naval Academy"
"6676390","Department of Electronic Engineering, Sogang University","056tn4839","TP","","Sogang University"
"6676391","Department of Electrical Engineering, Dong‐A University","03qvtpc38","TP","","Dong-A University"
"6676391","Department of Fire Protection Engineering, Pukyong National University","0433kqc49","TP","","Pukyong National University"
"6676473","Scuola Normale Superiore and INFN, Piazza dei Cavalieri, 7, 56126 Pisa, Italy","03aydme10","TP","","Scuola Normale Superiore"
"6676474","School of Physics and Materials Science, Thapar University, Patiala, Punjab 147004, India","00wdq3744","TP","","Thapar Institute of Engineering & Technology"
"6676474","Department of Applied Sciences, Physics Group, University Institute of Engineering, Chandigarh University, Gharuan, Mohali, Punjab 147001, India","014jqnm52;05t4pvx35","FP_partial","","J.C. Bose University of Science & Technology, YMCA;Chandigarh University"
"6676475","Faculty of Physics, Alexandru Ioan Cuza University, Bd. Carol I, No. 11, 700506 Iaşi, Romania","022kvet57","TP","","Alexandru Ioan Cuza University"
"6676477","Institute for Nuclear Research and Nuclear Energy, Bulgarian Academy of Sciences, Sofia 1784, Tsarigradsko shosse 72, Bulgaria","01x8hew03","TP","","Bulgarian Academy of Sciences"
"6676478","Department of Physics and Research Institute of Natural Science, College of Natural Science, Gyeongsang National University, Jinju 660-701, Korea","00saywf64","TP","","Gyeongsang National University"
"6676479","Frankfurt Institute for Advanced Studies, J. W. von Goethe University, Frankfurt am Main, Germany","0427ycx88","FP_wrong","","H.W. & J. Hector Stiftung"
"6676479","Department for Theoretical Physics, Horia Hulubei National Institute for Nuclear Physics and Engineering, P. O. Box MG-6, RO-077125 Bucharest-Magurele, Romania","00d3pnh21","TP","","Horia Hulubei National Institute for R and D in Physics and Nuclear Engineering"
"6676479","Kurchatov Institute, Russian Research Center, 123182 Moscow, Russia","00n1nz186;00ab9fg88","FP_partial","","Russian Cancer Research Center NN Blokhin;Kurchatov Institute"
"6836368","College of Applied Sciences, Beijing University of Technology","037b1pp87","TP","","Beijing University of Technology"
"7113793","International Islamic University Islamabad","047w75g40","TP","","International Islamic University, Islamabad"
"7113793","National University of Sciences and Technology","03w2j5y17","TP","","National University of Sciences and Technology"
"7113793","National University of Sciences and Technology","03w2j5y17","TP","","National University of Sciences and Technology"
"7118849","Departamento de Matemática ‐ UFPR, Centro Politécnico","019e4ht86","FP_wrong","","Centro de Física do Instituto Politécnico de Lisboa"
"7118849","Université Libre de Bruxelles, Campus “Plaine”","01r9htc13","TP","","Université Libre de Bruxelles"
"7118849","Departamento de Matemática, Universidade Federal de Santa Catarina, Campus Universitário Trindade","041akq887","TP","","Universidade Federal de Santa Catarina"
"7119981","Applied Analysis Research Group, Faculty of Mathematics and Statistics, Ton Duc Thang University, Ho Chi Minh City, Vietnam.","01drq0835","TP","","Ton Duc Thang University"
"7119981","Faculty of Economics Mathematics, National Economics University, Hanoi City, Vietnam.","021xbwv17","TP","","National Economics University"
"7190282","Department of Mathematics Manipal Institute of Technology, Manipal Academy of Higher Education","02xzytt36","TP","","Manipal Academy of Higher Education"
"7190282","Department of Mathematics, Center for Cryptography Manipal Institute of Technology, Manipal Academy of Higher Education","02xzytt36","TP","","Manipal Academy of Higher Education"
"7211762","Department of Mathematics, Center for Research and Development in Mathematics and Applications (CIDMA) University of Aveiro","00nt41z93","TP","","University of Aveiro"
"7211762","Department of Mathematics ``Giuseppe Peano'' Università di Torino","00taa2s29","FP_wrong","","University of Tripoli"
"7212523","School of Mathematical Sciences Beijing Normal University","022k4wk35","TP","","Beijing Normal University"
"7212523","Department of Mathematics William \& Mary","","FN","",""
"7236912","School of Mathematical Sciences, Shanxi University","03y3e3s17","TP","","Shanxi University"
"7242566","Mathematical Biosciences Institute, Ohio State University","00rs6vg23","TP","","The Ohio State University"
"7242566","National Institute for Mathematical and Biological Synthesis, University of Tennessee","020f3ap87","TP","","University of Tennessee at Knoxville"
"7242568","National Center for HIV/AIDS, Viral Hepatitis, STD, and TB Prevention, CDC","02q36eh13;04hsdam77","FP_wrong","","National Center for HIV/AIDS, Dermatology and STD;Center for Disease Control"
"7242568","National Center for Immunization and Respiratory Diseases, CDC","05je2tx78;04hsdam77","FP_wrong","","National Center for Immunization and Respiratory Diseases;Center for Disease Control"
"7242568","Division of Mathematical Sciences, National Science Foundation","021nxhr62","TP","","U.S. National Science Foundation"
"7242568","Department of Mathematics, Purdue University","02dqehb95","TP","","Purdue University West Lafayette"
"7307001","Octav Mayer Institute of Mathematics of the Romanian Academy","0561n6946","TP","","Romanian Academy"
"7307001","Fakultät für Mathematik Universität Bielefeld","02hpadn98","TP","","Bielefeld University"
"7307001","Academy of Mathematics and System Sciences CAS","","TN","",""
"7327033","Department of Mathematics Columbia University","00hj8s172","TP","","Columbia University"
"7333278","Tokyo University of Science","05sj3n476","TP","","Tokyo University of Science"
"7347171","St. Anthony Falls Laboratory, University of Minnesota, Minneapolis, MN55414, USA","017zqws13","TP","","University of Minnesota"
"7347171","Department of Aerospace Engineering and Mechanics, University of Minnesota, Minneapolis, MN55455, USA","017zqws13","TP","","University of Minnesota"
"7349802","UR Analysis and Control of PDEs, UR13ES64, Department of Mathematics, Faculty of Sciences of Monastir University of Monastir","00nhtcg76","TP","","University of Monastir"
"7349802","UR Analyse Non-Linéaire Et Géométrie, UR13ES32, Department of Mathematics, Faculty of Sciences of Tunis University of Tunis El-Manar","029cgt552","TP","","Tunis El Manar University"
"7369901","Department of System Analysis and Information Technologies Kazan Federal University","05256ym39","TP","","Kazan Federal University"
"7369902","Department of Engineering ``Enzo Ferrari'' University of Modena and Reggio Emilia","02d4c4y02","TP","","University of Modena and Reggio Emilia"
"7381845","School of Mathematics, South China University of Technology","0530pts50","TP","","South China University of Technology"
"7381845","Department of Applied Mathematics, Hong Kong Polytechnic University","0030zas98","TP","","Hong Kong Polytechnic University"
"7381845","School of Applied Mathematics, Guangdong University of Technology","04azbjn80","TP","","Guangdong University of Technology"
"7395021","Department of Mathematics Åbo Akademi University","029pk6x14","TP","","Åbo Akademi University"
"7395021","School of Mathematics and Statistics Lingnan Normal University","01h6ecw13","TP","","Lingnan Normal University"
"7411988","Leibniz Universität Hannover, Institut für Differentialgeometrie, Welfengarten 1, 30167 Hannover, Germany","0304hq317","TP","","Leibniz University Hannover"
"7415945","Department of Mathematics, University of Oviedo","006gksa02","TP","","Universidad de Oviedo"
"7443109","School of Mathematical Science, Heilongjiang University","04zyhq975","TP","","Heilongjiang University"
"7443109","Graduate School of System Informatics, Kobe University","03tgsfw79","TP","","Kobe University"
"7443109","Department of Mathematics and Information Science, North Minzu University","05xjevr11","TP","","North Minzu University"
"7443436","School of Economics University of Queensland","00rqy9422","TP","","The University of Queensland"
"7443436","Department of Economics Johns Hopkins University","00za53h95","TP","","Johns Hopkins University"
"7443437","Department of Economics University of Oslo","01xtthb56","TP","","University of Oslo"
"7443437","Department of Economics Cornell University","05bnh6r87","TP","","Cornell University"
"7443438","Tel Aviv University","04mhzgx49","TP","","Tel Aviv University"
"7443438","INSEAD","05ynf4333","FP_wrong","","INSEAD"
"7443438","Ben-Gurion University of the Negev","05tkyf982","TP","","Ben-Gurion University of the Negev"
"7443439","Tepper School of Business Carnegie Mellon University","05x2bcf33","TP","","Carnegie Mellon University"
"7443439","Department of Economics University of Kansas","001tmjg57","TP","","University of Kansas"
"7443441","Department of Economics, Royal Holloway College University of London","04g2vpn86","TP","","Royal Holloway University of London"
"7467968","University of Chile, Chile","047gc3g35","TP","","University of Chile"
"7467968","University of Concepción, Chile","0460jpj73","TP","","University of Concepción"
"7467969","Naval Postgraduate School, Monterey, CA","033yfkj90","TP","","Naval Postgraduate School"
"7467970","Intel Corp., Meudon, France","04dree482","FP_wrong","","Euro Inter"
"7467970","CEA, Gif sur Yvette, France","00jjx8s55","TP","","Commissariat à l'Énergie Atomique et aux Énergies Alternatives"
"7467970","Université Paris-Saclay, UVSQ, Li-PaRAD, Guyancourt, France","03xjwb503","TP","","Université Paris-Saclay"
"7467970","Université Paris-Saclay, UVSQ, Li-PaRAD, Guyancourt, France","03mkjjy25","TP","","Université de Versailles Saint-Quentin-en-Yvelines"
"7467970","Université Paris-Saclay, UVSQ, Li-PaRAD, Guyancourt, France","03xjwb503","TP","","Université Paris-Saclay"
"7467970","Université Paris-Saclay, UVSQ, Li-PaRAD, Guyancourt, France","03mkjjy25","TP","","Université de Versailles Saint-Quentin-en-Yvelines"
"7467970","TriScale innov, Palaiseau, France","","TN","",""
"7467970","EDF R&D--PERICLES, Palaiseau, France","03wb8xz10","TP","","Électricité de France (France)"
"7467971","Akdeniz University, Antalya, Turkey","01m59r132","TP","","Akdeniz University"
"7467974","Departamento de Informática de Sistemas y Computadores, Universitat Politècnica de València, Spain","01460j859","TP","","Universitat Politècnica de València"
"7467974","Karlsruhe Institute of Technology, Germany","04t3en479","TP","","Karlsruhe Institute of Technology"
"7467974","Karlsruhe Institute of Technology, Germany and University of Tennessee, Knoxville, Tennessee, USA","04t3en479","TP","","Karlsruhe Institute of Technology"
"7467974","Karlsruhe Institute of Technology, Germany and University of Tennessee, Knoxville, Tennessee, USA","020f3ap87","TP","","University of Tennessee at Knoxville"
"7467974","Departamento de Ingeniería y Ciencia de Computadores, Universidad Jaime I, Spain","02ws1xc11","TP","","Universitat Jaume I"
"7470720","Department of Automation, North China Electric Power University, Beijing, People's Republic of China","04qr5t414","TP","","North China Electric Power University"
"7470720","College of Computer and Information Engineering, Beijing Technology and Business University, Beijing, People's Republic of China","013e0zm98","TP","","Beijing Technology and Business University"
"7470720","College of Mathematical Science, University of Electronic Science and Technology of China, Chengdu, People's Republic of China","04qr3zq92","TP","","University of Electronic Science and Technology of China"
"7470720","College of Science, Henan Institute of Engineering, Zhengzhou, People's Republic of China","03zj2rn70","FP_wrong","","Hunan Institute of Engineering"
"7470721","School of Electrical Engineering, Chungbuk National University, Cheongju, South Korea","02wnxgj78","TP","","Chungbuk National University"
"7470721","Department of Applied Mathematics, Bharathiar University, Coimbatore, India","04fht8c22","TP","","Bharathiar University"
"7470721","Department of Mathematics, Sungkyunkwan University, Suwon, South Korea","04q78tk20","TP","","Sungkyunkwan University"
"7470721","Department of Mathematics, Anna University Regional Campus, Coimbatore, India","057qyqy03","TP","","Anna University Regional Campus, Coimbatore"
"7470724","Electrical Engineering Department, University of Sharjah, Sharjah, United Arab Emirates","00engpz63","TP","","University of Sharjah"
"7470724","Center of Excellence in Intelligent Engineering Systems (CEIES), King Abdulaziz University, Jeddah, Saudi Arabia","02ma4wv74","TP","","King Abdulaziz University"
"7470724","Laboratoire de Conception et Conduite des Systèmes de Production, University Mouloud Mammeri, Tizi Ouzou, Algeria","050ktqq97","TP","","Mouloud Mammeri University of Tizi-Ouzou"
"7470843","School of Engineering and Sciences, Tecnologico de Monterrey, Monterrey, Mexico","03ayjn504","TP","","Tecnológico de Monterrey"
"7473177","Department of Mathematics, University of Chicago","024mw5h28","TP","","University of Chicago"
"7510780","Santa Clara University","03ypqe447","TP","","Santa Clara University"
"7510780","North Carolina State University","04tj63d06","TP","","North Carolina State University"
"7510782","College of Mathematics and System Science, Xinjiang University","059gw8r13","TP","","Xinjiang University"
"7533551","Institute for Problems of Mechanical Engineering, Russian Academy of Sciences — a branch of the Federal State Budget Scientific Institution ``Federal Research Center of the Institute for Applied Physics, RAS''","03vqakm84;049ecjx61","FP_wrong","","Institute of Mining;A.V. Shubnikov Institute of Crystallography"
"7533840","Euler Institute, Università della Svizzera italiana","03c4atk17","TP","","Università della Svizzera italiana"
"7563650","Department of Mechanical Engineering, University of Victoria","04s5mat29","TP","","University of Victoria"
"7563650","Key Laboratory of Smart Manufacturing in Energy Chemical Process, Ministry of Education, East China University of Science and Technology","01vyrm377","TP","","East China University of Science and Technology"
"7588400","Department of Mathematics, Imperial College, London, UK","041kmwe10","TP","","Imperial College London"
"7588400","IBILCE-UNESP, CEP 15054-000, S. J. Rio Preto, São Paulo, Brazil (e-mail: mra.gouveia@unesp.br)","04q9me654;03gpapx10","FP_wrong","","Fleury S.A. (Brazil);Rio Branco Institute"
"7603384","School of Science, Chongqing University of Technology","04vgbd477","TP","","Chongqing University of Technology"
"7610603","Department of Statistics, State University of Paraíba, Rua Baraúnas, No. 351, Bodocongó, Campina Grande/PB 58109-753, Campina Grande, Paraíba, Brazil","02cm65z11","TP","","Universidade Estadual da Paraíba"
"7610603","Department of Statistics and Informatics, Federal Rural University of Pernambuco, Rua Dom Manoel de Medeiros s/n, Dois Irmãos 52171-900, Recife/PE, Brazil","02ksmb993","TP","","Universidade Federal Rural de Pernambuco"
"7610604","Federal Institute of Paraíba, Campus Sousa (São Gonçalo), Rua Pedro Antunes s/n, São Gonçalo 58814-000, São Gonçalo Sousa/PB, Brazil","03bk74w21","FP_wrong","","Instituto Federal de Educação, Ciência e Tecnologia de Brasília"
"7610604","Department of Statistics, State University of Paraíba, Rua Baraúnas No. 351, Bodocongó, Campina Grande/PB 58109-753, Campina Grande, Paraíba, Brazil","02cm65z11","TP","","Universidade Estadual da Paraíba"
"7610604","Department of Statistics and Informatics, Federal Rural University of Pernambuco, Rua Dom Manoel de Medeiros s/n, Dois Irmãos 52171-900, Recife/PE, Brazil","02ksmb993","TP","","Universidade Federal Rural de Pernambuco"
"7623979","School of Mathematical Sciences, Tiangong University","00xsr9m91","TP","","Tiangong University"
"7624884","Univ. Lille, CNRS, Centrale Lille, ISEN, Univ. Valenciennes, UMR 8520 - IEMN","02kzqn938;00675rp98;01x441g73;017h2rd72;01wzvw032","FP_partial","","Centre National pour la Recherche Scientifique et Technique (CNRST);Université de Valenciennes et du Hainaut-Cambrésis;École Centrale de Lille;Université de Lille;Institut Supérieur de l'Électronique et du Numérique"
"7624884","St. Petersburg State University","023znxa73","TP","","St Petersburg University"
"7624884","Univ. Lille, CNRS, Centrale Lille, UMR 9189 CRIStAL - Centre de Recherche en Informatique, Signal et Automatique de Lille","02kzqn938;00675rp98;01x441g73;01f1amm71","FP_partial","","Centre National pour la Recherche Scientifique et Technique (CNRST);Université de Lille;École Centrale de Lille;Laboratoire Traitement du Signal et de l'Image"
"7624885","Department of Electrical Engineering, School of Engineering, São Paulo State University (UNESP)","00987cb86","TP","","Universidade Estadual Paulista (Unesp)"
"7624885","St. Petersburg State University","023znxa73","TP","","St Petersburg University"
"7624885","Academic Department of Electrical, Federal Technological University of Paraná (UTFPR)","002v2kq79","TP","","Universidade Tecnológica Federal do Paraná"
"7624886","Electronics and Electrical Communication Engineering, Cairo University","03q21mh05","TP","","Cairo University"
"7624886","St. Petersburg State University","023znxa73","TP","","St Petersburg University"
"7624886","Department of Electrical and Power Engineering, Moi University","04p6eac84","TP","","Moi University"
"7624886","Department of Electrical \& Power Engineering, Polytechnic University of Mongo","00bgk9508","FP_wrong","","Polytechnic University of Turin"
"7624886","Department of Electrical and Power Engineering, Technical University of Mombasa","01grm2d66","TP","","Technical University of Mombasa"
"7624886","Department of Electrical Engineering, Institute for Basic Sciences, Technology and Innovations, Pan African University","04r9gvy43","FP_wrong","","Pan-African University"
"7624888","Institute of Control and Computation Engineering, University of Zielona Góra","04fzm7v55","TP","","University of Zielona Góra"
"7624888","Hochschule Ravensburg-Weingarten","00s4rmz74","TP","","University of Applied Sciences Ravensburg-Weingarten"
"7624888","St. Petersburg State University","023znxa73","TP","","St Petersburg University"
"7628437","Faculty of Chemical Engineering, Technion-Israel Institute of Technology, Haifa 3200003, Israel","03qryx823","TP","","Technion – Israel Institute of Technology"
"7628437","Faculty of Aerospace Engineering, Technion-Israel Institute of Technology, Haifa 3200003, Israel","03qryx823","TP","","Technion – Israel Institute of Technology"
"7656049","Department of Mathematics and Statistics, University of Regina Regina, SK, Canada S4S 0A2, Canada","03dzc0485","TP","","University of Regina"
"7658250","LAAS, Univ. Toulouse, CNRS","03mq68c95;00675rp98","FP_wrong","","Tokoha Gakuen University;Centre National pour la Recherche Scientifique et Technique (CNRST)"
"7658250","IMT, Univ. Toulouse, INSA Toulouse","03mq68c95;01h8pf755","FP_partial","","Tokoha Gakuen University;Institut National des Sciences Appliquées de Toulouse"
"7658250","Univ. Bordeaux, CNRS, Bordeaux INP, IMB, UMR 5251","03mq68c95;00675rp98;054qv7y42","FP_partial","","Tokoha Gakuen University;Centre National pour la Recherche Scientifique et Technique (CNRST);Institut Polytechnique de Bordeaux"
"7666423","Orange Labs, Applied Crypto Group","","TN","",""
"7666423","Univ Rennes, CNRS, IRMAR - UMR 6625","015m7wh34;00675rp98","FP_partial","","Université de Rennes;Centre National pour la Recherche Scientifique et Technique (CNRST)"
"7687709","School of Mathematical Sciences, Beijing Normal University","022k4wk35","TP","","Beijing Normal University"
"7687709","Department of Mathematics, Rutgers University","05vt9qd57","TP","","Rutgers, The State University of New Jersey"
"7687709","Department of Mathematics, University of Florida","02y3ad647","TP","","University of Florida"
"7691034","University Hassan II","03cdvht47","FP_wrong","","Université Hassan 1er"
"7724483","Department of Applied Mathematics, University Politehnica of Bucharest, Faculty of Applied Sciences","0558j5q12","TP","","Universitatea Națională de Știință și Tehnologie Politehnica București"
"7731307","School of Mathematics and Computational Science, Hunan Key Laboratory for Computation and Simulation in Science and Engineering, Xiangtan University","00xsfaz62","TP","","Xiangtan University"
"7731307","College of Information and Intelligence, Hunan Agricultural University","01dzed356","TP","","Hunan Agricultural University"
"7731307","School of Mathematical Sciences, South China Normal University","041hzs681","FP_wrong","","Chuncheon National University of Education"
"7733893","Universitat Politècnica de València, Instituto de Matemática Multidisciplinar","01460j859","TP","","Universitat Politècnica de València"
"7733893","School of Mathematical Sciences, Qufu Normal University","03ceheh96","TP","","Qufu Normal University"
"7733893","Faculty of Mathematics and Physics, Huaiyin Institute of Technology","0555ezg60","TP","","Huaiyin Institute of Technology"
"7736286","College of Mathematics and Information Science, Henan Normal University","00s13br28","TP","","Henan Normal University"
"7736286","Institute of Mathematics, University of Zielona Góra","04fzm7v55","TP","","University of Zielona Góra"
"7767795","Department of Mathematics, Tulane University","04vmvtb21","TP","","Tulane University"
"7767795","RICAM, Austrian Academy of Sciences","05a94k872","TP","","Johann Radon Institute for Computational and Applied Mathematics"
"7767795","RICAM, Austrian Academy of Sciences","03anc3s24","TP","","Austrian Academy of Sciences"
"7798483","Department of Mathematics, Periyar University","05crs8s98","TP","","Periyar University"
"7799176","Department of Mathematics, Beijing Jiaotong University","01yj56c84","TP","","Beijing Jiaotong University"
"7799176","School of Mathematics and Statistics, Ningbo University","03et85d35","TP","","Ningbo University"
"7804933","Lomonosov Moscow State University (Moscow)","010pmpe69","TP","","Lomonosov Moscow State University"
"7840114","Department of Mathematics, Faculty of Science, Cairo University","03q21mh05","TP","","Cairo University"
"7885918","Univ. Orléans, INSA Centre Val de Loire","01wzvw032;03y0qc033","FP_partial","","Université de Valenciennes et du Hainaut-Cambrésis;Institut National des Sciences Appliquées Centre Val de Loire"
"7890231","State University of Aerospace Instrumentation, St. Petersburg","02q3q8311","FP_wrong","","State University of Infrastructure and Technologies"
"7890231","Institute of Physics of National Academy of Sciences of Belarus","02j8pe645","TP","","National Academy of Sciences of Belarus"
"7890231","Mozyr State Pedagogical University","04jtrvy64","TP","","Mozyr State Pedagogical University named after I.P.Shamyakin"
"7890232","Belarusian State University of Informatics and Radioelectronics, Minsk","02sehzp52","TP","","Belarusian State University of Informatics and Radioelectronics"
"7890233","Francisk Skorina Gomel State University","03h5rdc49","TP","","Francisk Skorina Gomel State University"
"7890234","Yanka Kupala State University of Grodno","03q92e557","TP","","Yanka Kupala State University of Grodno"
"7890237","Belarusian State University of Informatics and Radioelectronics, Minsk","02sehzp52","TP","","Belarusian State University of Informatics and Radioelectronics"
"7890238","Francisk Skorina Gomel State University","03h5rdc49","TP","","Francisk Skorina Gomel State University"
"7899952","School of Civil Engineering and Mechanics, Yanshan University","02txfnf15","TP","","Yanshan University"
"7899952","School of Mechanics and Aerospace Engineering, Southwest Jiaotong University","00hn7w693","TP","","Southwest Jiaotong University"
"7919072","Dip. Matematica e Informatica, Università di Firenze","01swzsf04","FP_wrong","","University of Geneva"
"7919072","Dipartimento di Matematica “F. Brioschi”, Politecnico di Milano","01nffqt88","TP","","Politecnico di Milano"
"7919097","Instituto de Matemática e Estatística, UFF","02rjhbb08","TP","","Universidade Federal Fluminense"
"7935781","Fakultät für Mathematik, Universität Bielefeld","02hpadn98","TP","","Bielefeld University"
"7935781","Academy for Mathematics and Systems Science, CAS","18786988","FP_wrong","","Centre Automatique et Systèmes"
"7935781","Bielefeld University","02hpadn98","TP","","Bielefeld University"
"7935781","Fudan University","013q1eq08","TP","","Fudan University"
"7959798","Department of Mathematics, Faculty of Science, Sivas Cumhuriyet University, Sivas, Türkiye","04f81fm77","TP","","Sivas Cumhuriyet Üniversitesi"
"8001227","Faculté des Sciences de Tunis, LR11ES11 Laboratoire d'Analyse Mathématiques et Applications, Université de Tunis El Manar, Tunis, Tunisie","029cgt552","TP","","Tunis El Manar University"
"8005424","División Académica de Ciencias Básicas, Universidad Juárez Autónoma de Tabasco","04ee58018","TP","","Universidad Juárez Autónoma de Tabasco"
"8011472","Università di Bologna, Bologna, Italy","01111rn36","TP","","University of Bologna"
"8011472","Inria Sophia Antipolis, Valbonne, France","01nzkaw91","TP","","Research Centre Inria Sophia Antipolis - Méditerranée"
"8011472","University of Glasgow, Glasgow, United Kingdom","00vtgdb53","TP","","University of Glasgow"
"8011473","Unaffiliated, Hamilton Township, USA","","TN","",""
"8011473","Northeastern University, Boston, USA","04t5xt781","TP","","Northeastern University"
"8011473","Unaffiliated, Boston, USA","","TN","",""
"8011485","Leiden University, Leiden, Netherlands","027bh9e22","TP","","Leiden University"
"8011485","University of Amsterdam, Amsterdam, Netherlands","04dkp9463","TP","","University of Amsterdam"
"7198962","Industrial Engineering Department Ozyegin University","01jjhfr75","TP","","Özyeğin University"
"7198962","Business Information Technology Virginia Polytechnic Institute and State University","02smfhw86","TP","","Virginia Tech"
"7198963","Dept. de Matemáticas para la Economía y la Empresa Universitat de València","043nxc105","TP","","Universitat de València"
"7198964","Centre for Management Studies Instituto Superior Técnico (CEG-IST), Universidade de Lisboa","05dx9nr48","FP_wrong","","Centro de Filosofia"
"7198964","Centre for Mathematics and Applications, Faculdade de Ciências e Tecnologia (CMA-FCT) Universidade Nova de Lisboa","02xankh89","TP","","Universidade Nova de Lisboa"
"7198964","Business Research Unit ISCTE (BRU-ISCTE), Instituto Universitário de Lisboa","14837179","TP","","Iscte – Instituto Universitário de Lisboa"
"7198965","CIRRELT HEC Montréal","","FN","",""
"7198965","Logistics-Management Department Helmut Schmidt University","04e8jbs38","TP","","Helmut Schmidt University"
"7198966","Information Technology Laboratory U.S. Army Engineer Research and Development Center","","FN","",""
"7198966","Department of Industrial and Systems Engineering Mississippi State University","0432jq872","TP","","Mississippi State University"
"7198967","Universidade de Vigo","05rdf8595","TP","","Universidade de Vigo"
"7198968","Operations Research Group, Institute of Management and Economics Clausthal University of Technology","04qb8nc58","TP","","Clausthal University of Technology"
"7198968","Operations Research Group, Institute of Business Economics and Information Systems University of Hildesheim","02f9det96","TP","","University of Hildesheim"
"7198969","Department of Mathematical Sciences University of Essex","02nkf1q06","TP","","University of Essex"
"7198969","Department of Mathematics, College of Education for Pure Sciences Al-Muthanna University","03877wr45","TP","","Al-Muthanna University"
"7198970","McCombs School of Business The University of Texas at Austin","00hj54h04","TP","","The University of Texas at Austin"
"7198970","Industrial Engineering Department Bilkent University","02vh8a032","TP","","Bilkent University"
"7198973","Dipartimento di Matematica, Politecnico di Milano, Piazza Leonardo da Vinci 32, 20133Milano, Italy","01nffqt88","TP","","Politecnico di Milano"
"7198974","Department of Mathematics, University of Wisconsin Madison, Van Vleck Hall, 480 Lincoln Drive, Madison, Wisconsin 53706, USA","01y2jtd41","TP","","University of Wisconsin–Madison"
"7198974","Graduate School of Mathematical Sciences, University of Tokyo 3-8-1 Komaba, Meguro-ku, Tokyo, 153-8914, Japan","057zh3y96","TP","","The University of Tokyo"
"7198977","Laboratoire Paul Painlevé, Université de Lille, CNRS, UMR 8524, F-59655 Villeneuve d’Ascq, France","0546v5182;052ahj806","FP_partial","","Université de Lille;Centre de Génétique Moléculaire"
"7198978","Institute of Mathematics and Informatics, Bulgarian Academy of Sciences, Acad. G. Bonchev street, Bloc 8, 1113 Sofia, Bulgaria","01x8hew03","TP","","Bulgarian Academy of Sciences"
"7198979","Institute of Stochastics, Helmholtzstraße 18, 89081 Ulm, Germany","","TN","",""
"7198980","Department of Mathematics, University of Jena, Ernst-Abbe-Platz 2, 07743 Jena, Germany","031bsb921","FP_wrong","","University of Mannheim"
"7198980","Institute for Mathematical Stochastics, TU Dresden, Zellescher Weg 12–14, 01069 Dresden, Germany","042aqky30","TP","","Technische Universität Dresden"
"7198981","Taras Shevchenko National University of Kyiv, Kyiv, Ukraine","02aaqv166","TP","","Taras Shevchenko National University of Kyiv"
"7198982","Complutense University of Madrid and European Central Bank. Directorate Macroprudential Policy and Financial Stability, European Central Bank, Sonnemannstrasse 20, 60322Frankfurt, Germany","00ajckn66;00ajckn66","FP_partial","","European Central Bank"
"7198983","Technische Universität Dortmund","01k97gp34","TP","","TU Dortmund University"
"7198983","Technische Universität Dresden","042aqky30","TP","","Technische Universität Dresden"
"7198984","Department of Economics, University of Toronto, 150 St. George St., Toronto, ON M5S 3G7, Canada; Phone: (416) 978-4479","03dbr7087","TP","","University of Toronto"
"7198984","Department of Economics, University of Toronto, 150 St. George St., Toronto, ON M5S 3G7, Canada","03dbr7087","TP","","University of Toronto"
"7198985","AGM UMR8088 UniversityParis-Seine and CIMFAV, Universidad de Valparaiso, Chile","00h9jrb69","TP","","University of Valparaíso"
"7198985","CAM, Tianjin University, Tianjin, China","012tb2g32","TP","","Tianjin University"
"7198985","CREST, ENSAE, Université Paris Saclay","01fz7mn40","TP","","ENSAE Paris"
"7198986","CREST, ENSAE, Université Paris Saclay","03xjwb503","TP","","Université Paris-Saclay"
"7198986","Lehrstuhl für Finanzmathematik, Technische Universität München, Garching, Germany.","02kkvpp62","TP","","Technical University of Munich"
"7198986","Department of Mathematics and Statistics, McGill University, Montréal (Québec) Canada.","01pxwe438","TP","","McGill University"
"7198987","University of Bremen, Germany","04ers2y35","TP","","University of Bremen"
"7198987","Taras Shevchenko National University of Kyiv","02aaqv166","TP","","Taras Shevchenko National University of Kyiv"
"7198987","École des Ponts ParisTech, France","02nwvxz07","TP","","École nationale des ponts et chaussées"
"7198987","Carl von Ossietzky Universität Oldenburg, Germany","033n9gh91","TP","","Carl von Ossietzky Universität Oldenburg"
"7198988","XAIA Investment GmbH, Sonnenstr. 19, 80331München, Germany","","TN","",""
"7198989","Department of Mathematics & Statistics, University of Nevada, Reno, NV 89557, USA","01keh0577","TP","","University of Nevada, Reno"
"7198990","Department of Statistics and Quantitative Methods, University of Milano-Bicocca, Via Bicocca degli Arcimboldi,8, 20126Milano","01ynf4891","TP","","University of Milano-Bicocca"
"7198990","College of Social Sciences, Ritsumeikan University, 56-1 Tojiin Kitamachi, Kyoto603-8577Japan","0197nmd03","TP","","Ritsumeikan University"
"7198991","Kath. Universität Eichstätt-Ingolstadt","024nr0776;00mx91s63","FP_partial","","Catholic University of Eichstätt-Ingolstadt;Catholic University of Applied Sciences of North Rhine – Westphalia"
"7198992","Institute of Mathematics, University of Würzburg, Würzburg, Germany","00fbnyb24","TP","","University of Würzburg"
"7198992","School of Mathematical Sciences, University of Nottingham, Nottingham, UK","01ee9ar58","TP","","University of Nottingham"
"7198993","Département de mathématiques et d’informatique, Université du Québec à Trois-Rivières, C.P. 500, Trois-Rivières (Québec) CanadaG9A 5H7","02xrw9r68","TP","","Université du Québec à Trois-Rivières"
"7198994","CREST-ENSAE and University of Twente, 5 Drienerlolaan, 7522 NB Enschede, Netherlands","","FN","",""
"7198994","CREST-ENSAE, 5, avenue Henry Le Chatelier, 91764Palaiseau cedex, France","0449khs19","FP_wrong","","Centre de Recherche en Économie et Statistique"
"7198995","Institute of Mathematics, University of Warsaw, Poland","039bjqg32","TP","","University of Warsaw"
"7198996","Department of Mathematics and Statistics, Zayed University, P.O. Box 144534, Abu Dhabi, United Arab Emirates","03snqfa66","TP","","Zayed University"
"7198996","Département de mathématiques et d’informatique, Université du Québec à Trois-Rivières, C.P. 500, Trois-Rivières (Québec) Canada G9A 5H7","02xrw9r68","TP","","Université du Québec à Trois-Rivières"
"7198996","Department of Mathematics and Statistics, University of Ottawa, STEM Complex, room 336, 150 Louis-Pasteur Pvt Ottawa, ON, Canada K1N 6N5","03c4mmv16","TP","","University of Ottawa"
"7198997","Department of Applied Math and Statistics, Stony Brook University","05qghxh33","TP","","Stony Brook University"
"7198997","Industrial and Systems Engineering, University of Florida","02y3ad647","TP","","University of Florida"
"7198998","Université de Poitiers","04xhy8q59","TP","","Université de Poitiers"
"7199016","Department of Mathematics G. Castelnuovo, Sapienza University of Rome, Italy","02be6w209","TP","","Sapienza University of Rome"
"7199016","Laboratoire J.A. Dieudonné, University of Nice Sophia Antipolis, France","04pcdsm76","TP","","Interdisciplinary University of Paris"
"7199017","Department of Industrial Engineering, University of Florence, Italy. Member of the INdAM Research Group GNCS.","04jr1s763","TP","","University of Florence"
"7199018","Department of Industrial Engineering, University of Florence, Italy. Member of the INdAM Research Group GNCS.","02rnys730","TP","","Gruppo Nazionale per il Calcolo Scientifico"
"7199017","Department of Mathematics and Informatics, Faculty of Sciences, University of Novi Sad, Serbia","00xa57a59","TP","","University of Novi Sad"
"7199018","Department of Mathematical Sciences, Politecnico di Torino, Italy","00bgk9508","TP","","Polytechnic University of Turin"
"7199018","Department of Mathematical, Physical and Computer Sciences, University of Parma, Italy","02k7wn190","TP","","University of Parma"
"7199019","CNR-IAC – National Research Council - Istituto per le Applicazioni del Calcolo “Mauro Picone” - Via dei Taurini 19, 00185Rome, Italy","02fkw1114","FP_wrong","","Institute for the Chemistry of OrganoMetallic Compounds"
"7199020","University of Tabriz","01papkj44","TP","","University of Tabriz"
"7199020","Muğla Sıtkı Koçman University","05n2cz176","TP","","Muğla University"
"7199021","Islamic Azad University","02558wk32","FP_wrong","","Islamic Azad University, Arak"
"7199021","Bahcesehir University","00yze4d93","TP","","Bahçeşehir University"
"7199021","Imam Khomeini International University","02jeykk09","TP","","Imam Khomeini International University"
"7199022","Al Nahrain University","000c39f30","TP","","Al Ain Hospital"
"7199023","Al Nahrain University","05v2p9075","TP","","Nahrain University"
"7199022","UCSI University","019787q29","TP","","UCSI University"
"7199022","Hacettepe University","04kwvgz42","TP","","Hacettepe University"
"7199023","Harran University","057qfs197","TP","","Harran University"
"7199023","Karnatak University","05ajnv358","TP","","Karnatak University"
"7199024","Abdul Wali Khan University Mardan","00gq7p328;03h8f2y52","FP_wrong","","Zhangir Khan West Kazakhstan Agrarian Technical University;Walisongo State Islamic University"
"7199024","Hazara University Mansehra","018y22094","TP","","Hazara University"
"7199025","Aligarh Muslim University","03kw9gc02","TP","","Aligarh Muslim University"
"7199026","Golestan University","046nf9z89","TP","","Golestan University"
"7199027","Islamic Azad University","02558wk32","FP_wrong","","Islamic Azad University, Arak"
"7199027","Allameh Tabataba’i University","02cc4gc68","TP","","Allameh Tabataba'i University"
"7199028","Semnan University","029gksw03","TP","","Semnan University"
"7199028","Kharazmi University","05hsgex59","TP","","Kharazmi University"
"7199029","National Institute of Technology Warangal","017ebfz38","TP","","National Institute of Technology Warangal"
"7199030","Abdul Wali Khan University","00zdyy359;03b9y4e65","FP_partial","","Abdullah Gül University;Abdul Wali Khan University Mardan"
"7199031","Kharazmi University","05hsgex59","TP","","Kharazmi University"
"7199032","Bartin University","03te4vd35","TP","","Bartin University"
"7199033","Islamic Azad University","02558wk32","TP","","Islamic Azad University, Arak"
"7199033","Iran University of Science and Technology, Narmak","01jw2p796","TP","","Iran University of Science and Technology"
"7199034","Azarbaijan Shahid Madani University","05pg2cw06;05pg2cw06","TP","","Azarbaijan Shahid Madani University"
"7199035","Shahid Rajaee Teacher Training University","02nkz4493","TP","","Shahid Rajaee Teacher Training University"
"7199036","University of Engineering and Technology","05db8zr24","FP_wrong","","NED University of Engineering and Technology"
"7199039","King Abdulaziz University","02ma4wv74","TP","","King Abdulaziz University"
"7199039","International Islamic University","03s9hs139","FP_wrong","","International Islamic University Malaysia"
"7199039","Taiz University","03jwcxq96","TP","","Taiz University"
"7199040","Ferdowsi University of Mashhad","00g6ka752","TP","","Ferdowsi University of Mashhad"
"7199041","St. Thomas College, Palai","027b9hx20","FP_wrong","","St. Thomas Aquinas College"
"7199042","University of Kırıkkale","05vf56z40","FP_wrong","","University of Tehran"
"7199043","Matrouh University","006wtk122","TP","","Matrouh University"
"7199043","Cairo University","03q21mh05","TP","","Cairo University"
"7199047","University of Yaounde 1","022zbs961","TP","","Université de Yaoundé I"
"7199048","Aligarh Muslim University","03kw9gc02","TP","","Aligarh Muslim University"
"7199054","School of Engineering and Technology Central University of Haryana","03mtwkv54","TP","","Central University of Haryana"
"7199054","Cluster Innovation Center, University of Delhi","04gzb2213","TP","","University of Delhi"
"7199055","National Key Laboratory of Science and Technology on Aerodynamic Design and Research, Northwestern Polytechnical University, Xi’an","01y0j0j86","TP","","Northwestern Polytechnical University"
"7199055","Department of Mechanical \& Industrial Engineering, Ryerson University, Toronto","05g13zd79","TP","","Toronto Metropolitan University"
"7199056","State Key Laboratory of Petroleum Resources and Prospecting, National Engineering Laboratory for Offshore Oil Exploration, China University of Petroleum","041qf4r12","TP","","China University of Petroleum, Beijing"
"7199056","Division of Applied Mathematics, Brown University","05gq02987","TP","","Brown University"
"7199057","Laboratory of Computational Physics, Institute of Applied Physics and Computational Mathematics","","FN","",""
"7199057","Institute of Mathematics, Jilin University","00js3aw79","TP","","Jilin University"
"7199057","School of Mathematics, Jilin University","00js3aw79","TP","","Jilin University"
"7199058","Department of Mathematics and Statistics, The University of Lahore Gujrat Campus","0584fj407","FP_wrong","","University of North Alabama"
"7199058","NUTECH, School of Applied Sciences and Humanities, National University of Technology","05e21fw44","TP","","National University of Technology"
"7199058","Department of Mathematics and Statistics, International Islamic University","03s9hs139","FP_wrong","","International Islamic University Malaysia"
"7199059","Faculty of Applied Sciences, Ton Duc Thang University","01drq0835","TP","","Ton Duc Thang University"
"7199059","Young Researcher and Elite Club, Khomeinishahr Branch, Islamic Azad University","02558wk32","FP_wrong","","Islamic Azad University, Arak"
"7199059","Department of Mechanical Engineering, Isfahan University of Technology","00af3sa43","TP","","Isfahan University of Technology"
"7199059","Department of Mechanical Engineering, Khomeinishahr Branch, Islamic Azad University","02558wk32","FP_wrong","","Islamic Azad University, Arak"
"7199059","School of Mechanical, Aerospace and Civil Engineering (MACE), The University of Manchester","027m9bs27","TP","","University of Manchester"
"7199059","Laboratory of Magnetism and Magnetic Materials, Advanced Institute of Materials Science, Ton Duc Thang University","01drq0835","TP","","Ton Duc Thang University"
"7199060","Departamento de Ingeniería Bioquímica, Tecnológico Nacional de México, Instituto Tecnológico de Celaya","00davry38","TP","","Tecnológico Nacional de México"
"7199060","Departamento de Ingeniería Bioquímica, Tecnológico Nacional de México, Instituto Tecnológico de Celaya","03tamv273","TP","","Technological Institute of Celaya"
"7199060","Centro Regional de Optimización y Desarrollo, Tecnológico Nacional de México","00davry38","TP","","Tecnológico Nacional de México"
"7199060","Departamento de Ingeniería Química, Tecnológico Nacional de México, Instituto Tecnológico de Celaya","00davry38","TP","","Tecnológico Nacional de México"
"7199060","Departamento de Ingeniería Química, Tecnológico Nacional de México, Instituto Tecnológico de Celaya","03tamv273","TP","","Technological Institute of Celaya"
"7199060","Departamento de Ingeniería, Arquitectura y Diseño, Universidad Iberoamericana Torreón, Torreón","00f1wmk62","TP","","Universidad Iberoamericana León"
"7199061","Department of Mechanical Engineering, Madan Mohan Malaviya University of Technology","04h1w2j35","TP","","Madan Mohan Malaviya University of Technology"
"7199062","School of Mathematics and Statistics, Xi’an Jiaotong University","017zhmm22","TP","","Xi'an Jiaotong University"
"7199063","FIQ, Universidad Nacional del Litoral (UNL) and Consejo Nacional de Investigaciones científicas y técnicas (CONICET)","00pt8r998","TP","","Universidad Nacional del Litoral"
"7199063","FIQ, Universidad Nacional del Litoral (UNL) and Consejo Nacional de Investigaciones científicas y técnicas (CONICET)","03cqe8w59","TP","","Consejo Nacional de Investigaciones Científicas y Técnicas"
"7199064","Faculty of Mathematics Sciences, University of Guilan","01bdr6121","TP","","University of Guilan"
"7199065","Department of Mathematics, Anhui Science and Technology University","01pn91c28","TP","","Anhui Science and Technology University"
"7199065","Department of Mathematics, Nanjing University of Aeronautics and Astronautics","01scyh794","TP","","Nanjing University of Aeronautics and Astronautics"
"7199066","The Center for Subsurface Modeling, The Institute for Computational Engineering and Sciences, The University of Texas at Austin","00hj54h04","TP","","The University of Texas at Austin"
"7199066","Department of Mathematics \& Institute for Scientific Computation (ISC), Texas A&M University, College Station","01f5ytq51","TP","","Texas A&M University"
"7199066","Department of Mathematics, The Chinese University of Hong Kong (CUHK)","00t33hh48","TP","","Chinese University of Hong Kong"
"7199066","Multiscale model reduction laboratory, North-Eastern Federal University, Yakutsk","02p6aa271","TP","","North-Eastern Federal University"
"7199067","Department of Mathematical Sciences, United Arab Emirates University","01mema083","FP_wrong","","Emirates Aviation University"
"7199067","Department of Mathematics, Indian Institute of Technology","01kh5gc44","FP_wrong","","Indian Institute of Technology BHU"
"7199068","School of Mathematics and Physics, University of Science and Technology Beijing","02egmk993","TP","","University of Science and Technology Beijing"
"7199068","School of Mathematical Sciences, Queensland University of Technology","03pnv4752","TP","","Queensland University of Technology"
"7199069","State Key Laboratory of Coastal and Offshore Engineering, Dalian University of Technology","023hj5876","TP","","Dalian University of Technology"
"7199069","School of Hydraulic Engineering, Faculty of Infrastructure Engineering, Dalian University of Technology","023hj5876","TP","","Dalian University of Technology"
"7199069","Centre for Offshore Foundation Systems, School of Civil Environmental and Mining Engineering, the University of Western Australia","047272k79","TP","","The University of Western Australia"
"7199069","College of Water Conservancy \& Environmental Engineering, Zhengzhou University","04ypx8c21","TP","","Zhengzhou University"
"7199070","School of Mathematics and Statistics, Zhengzhou University","04ypx8c21","TP","","Zhengzhou University"
"7199071","Department of Applied Mathematics, IMUVA and Faculty of Science, Universidad de Valladolid","01fvbaw18","TP","","Universidad de Valladolid"
"7199071","CITIC, Department of Mathematics, Universidade da Coruña","037b6wy35","TP","","CITIC Group (China)"
"7199071","CITIC, Department of Mathematics, Universidade da Coruña","01qckj285","TP","","Universidade da Coruña"
"7199072","Department of Applied Mathematics, Faculty of Mathematical Science, Ferdowsi University of Mashhad","00g6ka752","TP","","Ferdowsi University of Mashhad"
"7199072","Department of Mathematics, Faculty of Mathematical Science and Computer, Kharazmi University","05hsgex59","TP","","Kharazmi University"
"7199072","Department of Mathematics, Kosar University of Bojnord","01e7e7r31","TP","","Kosar University of Bojnord"
"7199073","Department of Mathematics, Baylor University","5781934","TP","","Baylor University"
"7199116","School of Mathematics, Statistics and Physics, Newcastle University","01kj2bm70","TP","","Newcastle University"
"7199117","School of Mathematical Sciences, Chongqing Normal University","01dcw5w74","TP","","Chongqing Normal University"
"7199117","Department of Mathematics, University of Rijeka","05r8dqr10","TP","","University of Rijeka"
"7199117","School of Mathematics, Sichuan University","011ashp19","TP","","Sichuan University"
"7199118","Indian Statistical Institute","00q2w1j53","TP","","Indian Statistical Institute"
"7199118","Basque Center for Applied Mathematics","","FN","",""
"7199118","Departamento de Matemática, ICMC ‐ Universidade de São Paulo","01pgex273","FP_wrong","","Integrated Cardio Metabolic Centre"
"7199119","Institut de Mathématiques de Marseille UMR 7373 CNRS","00675rp98","FP_wrong","","Centre National pour la Recherche Scientifique et Technique (CNRST)"
"7199119","Aix Marseille Université, CNRS, Centrale Marseille, I2M","035xkbk20;00675rp98;040baw385","FP_partial","","Aix-Marseille Université;Centrale Marseille;Centre National pour la Recherche Scientifique et Technique (CNRST)"
"7199119","CRM, Université de Montréal","0161xgx34","TP","","Université de Montréal"
"7199120","School of Mathematical Sciences, Clemson University","037s24f05","TP","","Clemson University"
"7199120","Department of Mathematical Sciences, Kent State University","049pfb863","TP","","Kent State University"
"7199121","Institute of Applied Mathematics, Khabarovsk Division","","TN","",""
"7199121","Laboratoire Paul Painlevé LABEX‐CEMPI, Université de Lille","0546v5182","TP","","Université de Lille"
"7199121","Steklov Mathematical Institute of Russian Academy of Sciences, National Research University Higher School of Economics","055f7t516","TP","","National Research University Higher School of Economics"
"7199122","Laboratoire de Probabilités, Statistique et Modélisation, Sorbonne Université, Université de Paris, CNRS","02en5vm52;05f82e368;00675rp98","FP_partial","","Université Paris Cité;Sorbonne Université;Centre National pour la Recherche Scientifique et Technique (CNRST)"
"7199122","Weierstrass Institute","00h1x4t21","TP","","Weierstrass Institute for Applied Analysis and Stochastics"
"7199122","Institut für Mathematik, Technische Universität Berlin","03v4gjf40","TP","","Technische Universität Berlin"
"7199123","Department of Mathematics, Northwestern University","000e0be47","TP","","Northwestern University"
"7199124","Mathematical Institute, University of Oxford","052gg0110","TP","","University of Oxford"
"7199124","Laboratoire de Mathématiques de Versailles, Université de Versailles Saint‐Quentin‐en‐Yvelines","03mkjjy25","TP","","Université de Versailles Saint-Quentin-en-Yvelines"
"7199125","Department of Mathematics, The Pennsylvania State University","04p491231","TP","","Pennsylvania State University"
"7199125","Einstein Institute of Mathematics, Edmond J. Safra Campus, The Hebrew University of Jerusalem","03qxff017","TP","","Hebrew University of Jerusalem"
"7199126","Departamento de Matematicas, CINVESTAV","009eqmr18","TP","","Centro de Investigación y de Estudios Avanzados del Instituto Politécnico Nacional"
"7199126","Department of Mathematics and Statistics, University of Alaska Fairbanks","01j7nq853","TP","","University of Alaska Fairbanks"
"7199127","Department of Mathematics, KTH Royal Institute of Technology","026vcq606","TP","","KTH Royal Institute of Technology"
"7199128","Department of Mathematics, University College London","02jx3x895","TP","","University College London"
"7199128","Department of Mathematics, London School of Economics","0090zs177","TP","","London School of Economics and Political Science"
"7199128","School of Mathematics, University of Birmingham","03angcq70","TP","","University of Birmingham"
"7199128","Department of Mathematics, University of Illinois at Urbana‐Champaign","047426m28","TP","","University of Illinois Urbana-Champaign"
"7199128","Korteweg de Vries Institute for Mathematics, University of Amsterdam","04dkp9463","TP","","University of Amsterdam"
"7199129","Graduate School of Mathematics Nagoya University","04chrp450","TP","","Nagoya University"
"7199130","Univ Brest, UMR CNRS 6205, LMBA","015m7wh34;02ght4n58","FP_partial","","Université de Rennes;Laboratoire de Mathématiques de Bretagne Atlantique"
"7199130","Université Paris-Dauphine, PSL Research University, Ceremade","052bz7812","TP","","Université Paris Dauphine-PSL"
"7199130","Université Paris-Dauphine, PSL Research University, Ceremade","013cjyk83","TP","","Université Paris Sciences et Lettres"
"7199131","Dipartimento di Matematica F. Brioschi Politecnico di Milano","","TN","",""
"7199131","Dipartimento di Matematica Università di Trento","02k7v4d05","FP_wrong","","University of Bern"
"7199133","School of Mathematical and Statistical Sciences University of Texas RGV","01gek1696","TP","","The University of Texas System"
"7199134","Dipartimento di Matematica e Applicazioni ``R. Caccioppoli'' Università di Napoli ``Federico II''","05290cv24","TP","","University of Naples Federico II"
"7199135","Tuskegee University","0137n4m74","TP","","Tuskegee University"
"7199135","Tuskegee University","00n3w3b69","TP","","University of Strathclyde"
"7199135","Georgia College and State University","05kr7zx86","TP","","Georgia College & State University"
"7199135","Auburn University","02v80fc35","TP","","Auburn University"
"7199136","Department of Mathematics Tianshui Normal University","05kc6dc21","TP","","Tianshui Normal University"
"7199137","Department of Mathematics Linköping University","05ynxx418","TP","","Linköping University"
"7199139","Universidade Federal de Minas Gerais (UFMG)","0176yjw32","TP","","Universidade Federal de Minas Gerais"
"7199139","Centro de Investigación en Matemáticas (CIMAT)","","FN","",""
"7199140","Centro de Investigación en Matemáticas (CIMAT)","033vjfk17","FP_wrong","","Wuhan University"
"7199141","College of Sciences Northeastern University","04t5xt781","FP_wrong","","Northeastern University"
"7199142","Department of Mathematics Linnæus University","00j9qag85","TP","","Linnaeus University"
"7199142","Department of Mathematics Martin-Luther-University of Halle-Wittenberg","02khfkr46","FP_wrong","","Institute of Electron Technology"
"7199143","School of Mathematics University of the Witwatersrand, Johannesburg, Wits","03rp50x72","TP","","University of the Witwatersrand"
"7199144","Department of Mathematics Maria Curie-Skłodowska University","015h0qg34","TP","","Maria Curie-Skłodowska University"
"7199144","Department of Applied Mathematics University of Agriculture","05hgtp764","TP","","University of Agriculture"
"7199144","Center for Mathematical Analysis, Geometry and Dynamical Systems, Mathematics Department, Instituto Superior Técnico Universidade de Lisboa","020nckd56","FP_wrong","","Instituto Superior de Ciências da Administração"
"7199145","Department of Mathematics Saarland University","01jdpyv68","TP","","Saarland University"
"7199145","Fukuoka University","04nt8b154","TP","","Fukuoka University"
"7199146","Departamento de Matemática Universidade Federal de Campina Grande","00eftnx64","TP","","Universidade Federal de Campina Grande"
"7199146","Unidade Acadêmica de Ciências Exatas e da Natureza Universidade Federal de Campina Grande","01n08tj51","FP_wrong","","Instituto da Conservação da Natureza e das Florestas"
"7199237","Department of Civil and Environmental Engineering, Stanford University","00f54p054","TP","","Stanford University"
"7199238","Centre for Structural Engineering and Informatics, The University of Nottingham","01ee9ar58","TP","","University of Nottingham"
"7199239","Birmingham Center for Energy Storage (BCES), School of Chemical Engineering, University of Birmingham","03angcq70","TP","","University of Birmingham"
"7199239","Department of Aerospace Engineering Sciences, University of Colorado at Boulder","02ttsq026","TP","","University of Colorado Boulder"
"7199239","Department of Energy, Politecnico di Torino","00bgk9508","TP","","Polytechnic University of Turin"
"7199239","National Renewable Energy Laboratory","","FN","",""
"7199240","Department of Mechanical Engineering, Iowa State University, 2043 Black Engineering","04rswrd78","TP","","Iowa State University"
"7199240","School of Engineering, Brown University","05gq02987","TP","","Brown University"
"7199240","Department of Mathematics, Iowa State University","04rswrd78","TP","","Iowa State University"
"7199241","IPC — Institute for Polymers and Composites, University of Minho","037wpkx04","TP","","University of Minho"
"7199241","DEP — Department of Polymer Engineering, University of Minho","037wpkx04","TP","","University of Minho"
"7199241","CFUM — Centre of Physics, University of Minho","037wpkx04","TP","","University of Minho"
"7199241","DMAT — Department of Mathematics, University of Minho","037wpkx04","TP","","University of Minho"
"7199242","Chair of Applied Mechanics, University of Erlangen-Nuremberg","00f7hpc57","TP","","Friedrich-Alexander-Universität Erlangen-Nürnberg"
"7199243","State Key Laboratory of Advanced Design and Manufacturing for Vehicle Body, College of Mechanical and Vehicle Engineering, Hunan University","05htk5m33","TP","","Hunan University"
"7199244","Northwestern University","000e0be47","FP_wrong","","Northwestern University"
"7199244","Bridgestone Corporation","04trbvb35","TP","","Bridgestone (Japan)"
"7199244","Institute of Multidisciplinary Research for Advanced Materials, Tohoku University, Sendai","01dq60k83","TP","","Tohoku University"
"7199245","Department of Civil Engineering, The University of Hong Kong","02zhqgq86","TP","","University of Hong Kong"
"7199246","Department of Mechanical Engineering, University of Wisconsin-Madison","01y2jtd41","TP","","University of Wisconsin–Madison"
"7199247","Department of Engineering Mechanics, State Key Laboratory of Structural Analyses for Industrial Equipment, Dalian University of Technology","023hj5876","TP","","Dalian University of Technology"
"7199247","School of Civil Engineering, Hefei University of Technology","02czkny70","TP","","Hefei University of Technology"
"7199247","Department of Mechanical Engineering, State Key Laboratory of Reliability and Intelligence of Electrical Equipment, Hebei University of Technology","018hded08","TP","","Hebei University of Technology"
"7199248","Airbus","052xgjt73","FP_wrong","","Airbus Defence and Space GmbH (Germany)"
"7199248","UQlab, Dept of Aeronautics, Imperial College London","041kmwe10","TP","","Imperial College London"
"7199250","Department of Mechanical Engineering, Northwestern University","000e0be47","TP","","Northwestern University"
"7199250","International Research Center for Computational Mechanics, Dalian University of Technology","023hj5876","TP","","Dalian University of Technology"
"7199250","State Key Laboratory of Structural Analysis for Industrial Equipment, Department of Engineering Mechanics, Dalian University of Technology","023hj5876","TP","","Dalian University of Technology"
"7199250","School of Mechanical and Electrical Engineering, Wuhan Institute of Technology","04jcykh16","TP","","Wuhan Institute of Technology"
"7199250","Institute of High Performance Computing, A*STAR","04tcyer40","FP_wrong","","High Institute for Management Sciences"
"7199251","School of Civil and Environmental Engineering, The University of New South Wales","03r8z3t63","TP","","UNSW Sydney"
"7199251","Department of Mechanical and Mechatronics Engineering, University of Waterloo","01aff2v68","TP","","University of Waterloo"
"7199251","Department of Applied Mathematics, University of Waterloo","01aff2v68","TP","","University of Waterloo"
"7199252","Energy Resources Engineering, Stanford University","00f54p054","TP","","Stanford University"
"7199252","Center for Applied Scientific Computing, Lawrence Livermore National Laboratory","041nk4h53","TP","","Lawrence Livermore National Laboratory"
"7199252","Atmospheric, Earth and Energy Division, Lawrence Livermore National Laboratory","041nk4h53","TP","","Lawrence Livermore National Laboratory"
"7199253","Centre for Infrastructure Engineering and Safety (CIES), School of Civil and Environmental Engineering, The University of New South Wales","03r8z3t63","TP","","UNSW Sydney"
"7199253","Centre for Built Infrastructure Research (CBIR), School of Civil and Environmental Engineering, University of Technology Sydney","03f0f6041","TP","","University of Technology Sydney"
"7199254","Institute of Applied Geometry, Johannes Kepler University","052r2xn60","TP","","Johannes Kepler University of Linz"
"7199254","Radon Institute for Computational and Applied Mathematics, Austrian Academy of Sciences","03anc3s24","TP","","Austrian Academy of Sciences"
"7199255","Univ Toulouse, INSA-Toulouse, CNRS UMR5219, IMT","03mq68c95;01h8pf755;022b0h879;04wn6w972","FP_partial","","Tokoha Gakuen University;Institut National des Sciences Appliquées de Toulouse;Institut de Physique de Rennes;Förderverein Institut für Medizintechnik Dresden"
"7199255","Univ Lyon, INSA-Lyon, CNRS UMR5259, LaMCoS","03mq68c95;050jn9y42;02evk6c51","FP_partial","","Tokoha Gakuen University;Institut National des Sciences Appliquées de Lyon;Ethologie animale et humaine"
"7199255","Univ Toulouse, ISAE Supaero-INSA-Mines Albi-UPS, CNRS UMR5312, Institut Clément Ader","03mq68c95;04gyj6s21;022b0h879;040smqw14","FP_partial","","Tokoha Gakuen University;Institut de Physique de Rennes;Institut Superieur de l'Aeronautique et de l'Espace (ISAE-SUPAERO);Institut Clément Ader"
"7199256","Department of Aerospace and Mechanical Engineering, University of Southern California","03taz7m60","TP","","University of Southern California"
"7199256","Department of Mechanical, Aerospace, and Nuclear Engineering, Rensselaer Polytechnic Institute","01rtyzb94","TP","","Rensselaer Polytechnic Institute"
"7199257","College of Shipbuilding Engineering, Harbin Engineering University","03x80pn82","TP","","Harbin Engineering University"
"7199257","Ecole Centrale Nantes, LHEEA Lab. (ECN and CNRS)","03nh7d505","TP","","École Centrale de Nantes"
"7199258","Department of system dynamics, Korea Institute of machinery \& Materials","01qcq9d74","TP","","Korea Institute of Machinery & Materials"
"7199258","Department of Mechanical and Aerospace Engineering, Institute of Advanced Machines and Design (IAMD), Seoul National University","04h9pn542","TP","","Seoul National University"
"7199258","School of Mechanical Engineering, Chungnam National University","0227as991","TP","","Chungnam National University"
"7199259","CIMNE - Centre Internacional de Mètodes Numèrics en Enginyeria","03ej8a714","TP","","International Center for Numerical Methods in Engineering"
"7199259","School of Mathematics, Monash University","02bfwt286","TP","","Monash University"
"7199260","School of Naval Architecture, Department of Ocean and Civil Engineering, Shanghai Jiaotong University","0220qvk04","TP","","Shanghai Jiao Tong University"
"7199260","Aix Marseille University, CNRS, Centrale Marseille","035xkbk20;00675rp98","FP_wrong","","Centre National pour la Recherche Scientifique et Technique (CNRST);Aix-Marseille Université"
"7199260","School of Engineering, Department of Mechanical Engineering, Tokyo Institute of Technology","0112mx960","TP","","Tokyo Institute of Technology"
"7199261","Department of Civil and Environmental Engineering, University of Michigan","00jmfr291","TP","","University of Michigan"
"7199262","Department of Mathematics and Applied Mathematics, University of Cape Town","03p74gp79","TP","","University of Cape Town"
"7199262","Centre for Research in Computational and Applied Mechanics (CERECAM), University of Cape Town","03p74gp79","TP","","University of Cape Town"
"7199262","Division of Infrastructure and Engineering, University of Glasgow","00vtgdb53","TP","","University of Glasgow"
"7199263","School of Mechanical and Electrical Engineering, Wuhan Institute of Technology","04jcykh16","TP","","Wuhan Institute of Technology"
"7199263","State Key Laboratory of Structural Analysis for Industrial Equipment, Department of Engineering Mechanics, Dalian University of Technology","023hj5876","TP","","Dalian University of Technology"
"7199263","International Research Center for Computational Mechanics, Dalian University of Technology","023hj5876","TP","","Dalian University of Technology"
"7199263","Department of Mechanical Engineering and Institute of Materials Science, University of Connecticut","021nv2831","TP","","University of Connecticut"
"7199263","Department of Mechanical Engineering, Northwestern University","000e0be47","TP","","Northwestern University"
"7199264","Department of Mechanical Engineering, Boston University","05qwgg493","TP","","Boston University"
"7199264","Department of Aerospace and Mechanical Engineering, University of Southern California","03taz7m60","TP","","University of Southern California"
"7199264","Department of Optimization and Uncertainty Quantification, Sandia National Laboratories","01apwpt12","TP","","Sandia National Laboratories"
"7199265","Hydraulic Machinery Research Institute, School of Mechanical Engineering, College of Engineering, University of Tehran","05vf56z40","TP","","University of Tehran"
"7199266","Laboratoire Interdisciplinaire Carnot de Bourgogne/ Site UTBM, UMR CNRS 6303/ Univ. Bourgogne Franche Comté (UBFC)","00xagtd33","FP_wrong","","Kawasaki Univ Yato Elementary School"
"7199267","Institute for Analysis and Scientific Computing","","TP","",""
"7199267","Oden Institute for Computational Engineering and Sciences, University of Texas at Austin","00hj54h04","TP","","The University of Texas at Austin"
"7199267","Civil and Environmental Engineering, Brigham Young University","047rhhm47","TP","","Brigham Young University"
"7199267","Department of Mathematics, Massachusetts Institute of Technology","042nb2s44","TP","","Massachusetts Institute of Technology"
"7199268","Department of Aerospace and Mechanical Engineering, University of Arizona","03m2x1q45","TP","","University of Arizona"
"7199268","Department of Engineering Mechanics, Hohai University","01wd4xt90","TP","","Hohai University"
"7199269","Structural Engineering Department, Federal University of Juiz de Fora, Cidade Universitária","03vrj4p82","FP_wrong","","Federal University of São João del-Rei"
"7199270","Faculty of Civil Engineering and Geosciences, Delft University of Technology","02e2c7k09","TP","","Delft University of Technology"
"7199270","Department of Industrial Engineering, University of Padova","00240q980","TP","","University of Padua"
"7199271","Department of Engineering, University of Palermo, Viale delle Scienze","04fz79c74","FP_wrong","","University of Palermo"
"7199272","Department of Mathematical Sciences, Clemson University","037s24f05","TP","","Clemson University"
"7199272","Department of Mathematics, University of Pittsburgh","01an3r305","TP","","University of Pittsburgh"
"7199272","Department of Mathematics, Virginia Tech","02smfhw86","TP","","Virginia Tech"
"7199273","Department of Civil, Environmental and Architectural Engineering, University of Colorado","00jc20583","TP","","University of Colorado System"
"7199273","State University of New York","01q1z8k08","TP","","State University of New York"
"7199273","Civil Infrastructure and Environmental Engineering, Khalifa University of Science and Technology","05hffr360","TP","","Khalifa University of Science and Technology"
"7199274","Institute of Mathematics, Ecole Polytechnique Fédérale de Lausanne","02s376052","TP","","École Polytechnique Fédérale de Lausanne"
"7199274","Department of Mechanical Engineering, Carnegie Mellon University","05x2bcf33","TP","","Carnegie Mellon University"
"7199274","Department of Computer Science, Xiamen University","00mcjh785","TP","","Xiamen University"
"7199274","Fujian Provincial Key Laboratory of Mathematical Modeling and High-Performance Scientific Computation, Xiamen University","00mcjh785","TP","","Xiamen University"
"7199274","School of Mathematical Sciences, Xiamen University","00mcjh785","TP","","Xiamen University"
"7199275","Institute of Structural Mechanics, Bauhaus Universität Weimar","033bb5z47","TP","","Bauhaus-Universität Weimar"
"7199275","Division of Computational Mechanics, Ton Duc Thang University, Ho Chi Minh City","01drq0835","TP","","Ton Duc Thang University"
"7199275","Faculty of Civil Engineering, Ton Duc Thang University, Ho Chi Minh City","01drq0835","TP","","Ton Duc Thang University"
"7199276","Institute of Intelligence Material and Structure, Unmanned System Technologies, Northwestern Polytechnical University","01y0j0j86","TP","","Northwestern Polytechnical University"
"7199276","State IJR Center of Aerospace Design and Additive Manufacturing, Northwestern Polytechnical University","01y0j0j86","TP","","Northwestern Polytechnical University"
"7199276","AEEC Sichuan Gas Turbine Establishment","","TN","",""
"7199277","School of Mechanics \& Engineering Science, Zhengzhou University","04ypx8c21","TP","","Zhengzhou University"
"7199277","Henan Key Engineering Laboratory for Anti-fatigue Manufacturing Technology and School of Mechanical Engineering, Zhengzhou University","04ypx8c21","TP","","Zhengzhou University"
"7199277","School of Civil and Mechanical Engineering, Curtin University","02n415q13","TP","","Curtin University"
"7199278","Department of Structural and Geotechnical Engineering, School of Engineering, Pontificia Universidad Católica de Chile","04teye511","TP","","Pontificia Universidad Católica de Chile"
"7199278","Millennium Nucleus for Cardiovascular Magnetic Resonance","","TN","",""
"7199278","Institute for Biological and Medical Engineering, Schools of Engineering, Medicine and Biological Sciences, Pontificia Universidad Católica de Chile","04teye511","TP","","Pontificia Universidad Católica de Chile"
"7199278","Departments of Mechanical Engineering \& Bioengineering, Stanford University","00f54p054","TP","","Stanford University"
"7199278","Department of Mechanical Engineering and Applied Mechanics, University of Pennsylvania, Philadelphia","00b30xv10","TP","","University of Pennsylvania"
"7199279","Center for Modeling, Simulation, \& Imaging in Medicine, Rensselaer Polytechnic Institute, Troy","01rtyzb94","TP","","Rensselaer Polytechnic Institute"
"7199279","Department of Mechanical, Aerospace, and Nuclear Engineering, Rensselaer Polytechnic Institute, Troy","01rtyzb94","TP","","Rensselaer Polytechnic Institute"
"7199280","US Naval Research Laboratory","02kpw3v28","FP_wrong","","Naval Ordnance Laboratory"
"7199281","Department of Computing Science, Umeå University","05kb8h459","TP","","Umeå University"
"7199281","School of Mechanical Engineering, Dalian University of Technology","023hj5876","TP","","Dalian University of Technology"
"7199282","School of Mechanical and Electrical Engineering, University of Electronic Science and Technology of China","04qr3zq92","TP","","University of Electronic Science and Technology of China"
"7199283","School of Civil and Environmental Engineering, Georgia Institute of Technology","01zkghx44","TP","","Georgia Institute of Technology"
"7199283","The George W. Woodruff School of Mechanical Engineering, Georgia Institute of Technology","01zkghx44","TP","","Georgia Institute of Technology"
"7199284","School of Civil Engineering, Dalian University of Technology","023hj5876","TP","","Dalian University of Technology"
"7199284","State Key Laboratory of Structural Analysis for Industrial Equipment, Department of Engineering Mechanics, International Research Center for Computational Mechanics, Dalian University of Technology","023hj5876","TP","","Dalian University of Technology"
"7199285","School of Civil and Environmental Engineering, Georgia Institute of Technology","01zkghx44","TP","","Georgia Institute of Technology"
"7199285","Energy and Environment Science \& Technology Directorate, Idaho National Laboratory","00ty2a548","TP","","Idaho National Laboratory"
"7199286","Department of Physics and Technology, Kharkov V.N. Karazin National University, 4 Svoboda Square, Kharkov 61022, Ukraine","03ftejk10","TP","","V. N. Karazin Kharkiv National University"
"7199286","Kazan Federal University, Kremlevskaya 18, Kazan 420008, Russia","05256ym39","TP","","Kazan Federal University"
"7199286","Sternberg Astronomical Institute, Faculty of Physics, Higher School of Economics, Lomonosov Moscow State University, Moscow, Russia","010pmpe69","TP","","Lomonosov Moscow State University"
"7199287","Data Science and Artificial Intelligence Research Centre, Nanyang Technological University, Block N4 #02a-32, Nanyang Avenue, 639798 Singapore","02e7b5302","TP","","Nanyang Technological University"
"7199287","Division of Physics and Applied Physics, School of Physical and Mathematical Sciences, Nanyang Technological University, Singapore","02e7b5302","TP","","Nanyang Technological University"
"7199288","Theoretical High Energy Physics, Department of Physics, Institut Teknologi Bandung, Jalan Ganesha 10, Bandung, Indonesia","00apj8t60","TP","","Bandung Institute of Technology"
"7199288","Indonesia Center for Theoretical and Mathematical Physics (ICTMP), Institut Teknologi Bandung, Jalan Ganesha 10, Bandung 40132, Indonesia","00apj8t60","TP","","Bandung Institute of Technology"
"7199289","Facultad de Ciencias Físico Matemáticas, de la Universidad Michoacana de San Nicolás de Hidalgo, Edificio B Ciudad Universitaria, Morelia Michoacán, México","00z0kq074","TP","","Universidad Michoacana de San Nicolás de Hidalgo"
"7199289","Facultad de Ingenieria Civil de la, Universidad Michoacana de San Nicolás de Hidalgo, Edificio B, Ciudad Universitaria, CP 58030, Morelia Michoacán, México","00z0kq074","TP","","Universidad Michoacana de San Nicolás de Hidalgo"
"7199289","Facultad de Ingeniería Eléctrica, de la Universidad Michoacana de San Nicolás de Hidalgo, División de Estudios de Posgrado, Edificio Ω, Ciudad Universitaria, Morelia Michoacán, CP 58030, México","00z0kq074","TP","","Universidad Michoacana de San Nicolás de Hidalgo"
"7199289","Facultad de Ciencias, Universidad Autónoma del Estado de México, Instituto Literario 100, Colonia Centro, Toluca, Estado de México, México","0079gpv38","TP","","Universidad Autónoma del Estado de México"
"7199290","Physics Department, Faculty of Science, Damanhour University, Damanhour, Egypt","03svthf85","TP","","Damanhour University"
"7199290","Theoretical Physics Group, Physics Department, Faculty of Science, Damietta University, New Damietta City 34517, Egypt","035h3r191","TP","","Damietta University"
"7199291","Department of Mathematics, Amity University, Major Arterial Road, Action Area II, Rajarhat, New Town, Kolkata 700135, India","02exxtn84","FP_wrong","","Amity University"
"7199292","Department for Theoretical Physics, Ivan Franko National University of Lviv, 12 Drahomanov Str., Lviv, UA-79005, Ukraine","01s7y5e82","TP","","Lviv University"
"7199293","CAS Key Laboratory of Theoretical Physics, Institute of Theoretical Physics, Chinese Academy of Sciences, Beijing 100190, China","034t30j35","TP","","Chinese Academy of Sciences"
"7199293","Leung Center for Cosmology and Particle Astrophysics, National Taiwan University, Taipei 10617, Taiwan","05bqach95","TP","","National Taiwan University"
"7199293","Institut für Theoretische Physik, Ruprecht-Karls-Universität Heidelberg, Philosophenweg 16, 69120 Heidelberg, Germany","038t36y30","TP","","Heidelberg University"
"7199293","Center for Gravitational Physics, Yukawa Institute for Theoretical Physics, Kyoto University, Kyoto 606-8502, Japan","02kpeqv85","TP","","Kyoto University"
"7199293","Frontier Research Institute for Interdisciplinary Sciences & Department of Physics, Tohoku University, Sendai 980-8578, Japan","01dq60k83","TP","","Tohoku University"
"7199293","Kavli Institute for the Physics and Mathematics of the Universe (WPI), Chiba 277-8583, Japan","","FN","",""
"7199294","Department of Physics, Government College of Engineering and Ceramic Technology, Kolkata 700 010, West Bengal, India","02x59s656","FP_wrong","","Alagappa Chettiar Government College of Engineering and Technology"
"7199294","Department of Physics, Indian Institute of Engineering Science and Technology, Howrah 711 103, West Bengal, India","02ytfzr55","TP","","Indian Institute of Engineering Science and Technology, Shibpur"
"7199295","Institut für Theoretische Physik, Ruprecht-Karls-Universität Heidelberg, Philosophenweg 16, 69120 Heidelberg, Germany","038t36y30","TP","","Heidelberg University"
"7208737","RWTH Aachen University, Aachen, Germany","04xfq0f34","TP","","RWTH Aachen University"
"7208737","RWTH Aachen University, Aachen, Germany","04xfq0f34","TP","","RWTH Aachen University"
